dt_iso,avg_temp,avg_feels_like,min_temp,max_temp,avg_humidity,avg_wind_speed
2020-01-01,40.2770832379659,32.9379168351491,31.17,47.17,63.7083333333333,13.2166665196419
2020-01-02,37.204166730245,34.6170833905538,21.94,50.97,70.0416666666667,4.57166664799054
2020-01-03,46.1371997070313,43.6839999389648,38.28,50.23,83.28,5.17719992637634
2020-01-04,49.2974293300084,48.1342855181013,45.86,55.69,93.2571428571429,4.7959999697549
2020-01-05,41.1162503560384,32.5141666730245,36.18,52.21,62.625,18.3437500397364
2020-01-06,39.9595829645793,33.6241668065389,32.94,51.31,59.625,10.5695833265781
2020-01-07,39.5195835431417,34.5570828914642,27.18,46.69,57.5416666666667,7.69916662573814
2020-01-08,34.7875005858285,25.7510712487357,28.8,41.97,80.2142857142857,14.2925000190735
2020-01-09,29.6433331171672,21.2887500127157,21.96,36.19,46.2083333333333,9.99208324154218
2020-01-10,38.6337502002716,34.7800000508626,24.91,58.21,70.7916666666667,7.01958322525024
2020-01-11,56.1516660054525,55.0075001716614,42.19,69.31,78.5416666666667,8.90125001470248
2020-01-12,64.1847999572754,63.6056001281738,54.21,68.23,70.32,18.8983999633789
2020-01-13,45.7541664441427,42.2862499554952,37.18,56.57,73.0833333333333,6.94791665673256
2020-01-14,42.4917860031128,39.9214285441807,32.76,47.41,88.6071428571429,4.35214279379163
2020-01-15,46.3422220018175,43.2348146791811,39.42,55.63,82,6.08111114855166
2020-01-16,46.5348001098633,41.2491998291016,35.19,53.29,66.36,14.2992001724243
2020-01-17,31.7708334128062,20.3312497536341,23.79,43.21,42.5416666666667,20.4408333897591
2020-01-18,25.0159999084473,17.084400100708,19.8,32.22,54.12,7.23920004844665
2020-01-19,37.7316665649414,28.9112501939138,31.21,45.19,76.2083333333333,16.021666765213
2020-01-20,27.8575001557668,16.5600000619888,21.18,34.21,50.2083333333333,15.2112499475479
2020-01-21,26.5212496916453,16.6283331712087,16.29,36.19,46.7916666666667,11.0820833047231
2020-01-22,30.4870830376943,25.8912500540415,16.18,43.03,56.6666666666667,4.64874997735023
2020-01-23,34.0020831425985,32.9187499682109,17.96,47.17,62.125,1.80833329757055
2020-01-24,40.8208337624868,38.331250111262,23.18,58.15,63.0416666666667,5.40666661659877
2020-01-25,46.2062068807668,40.4813794103162,38.86,54.99,87.0689655172414,15.5117240609794
2020-01-26,41.6795832316081,35.5574999650319,30.94,48.43,75.7083333333333,10.9237500627836
2020-01-27,40.2187503178914,33.258333047231,29.17,46.27,67.6666666666667,12.1825000246366
2020-01-28,40.2512501080831,33.1712499459585,36.61,43.61,63.5,12.4149999817212
2020-01-29,38.9154167175293,31.4441667397817,35.1,45.19,51.5833333333333,12.3599999944369
2020-01-30,32.2879164218903,25.1658333937327,21.6,40.19,57.875,8.20166665315628
2020-01-31,37.1529167493184,33.9250001907349,24.19,48.43,72.3333333333333,4.25166657567024
2020-02-01,39.8995831807454,36.7900001207987,32.29,46.29,88.6666666666667,4.56833324829737
2020-02-02,39.1953845390907,33.4365389163678,31.17,44.15,83.6538461538462,8.86999999559843
2020-02-03,44.4891667366028,40.7429167429606,31.17,61.41,73.75,7.93249997496605
2020-02-04,50.736000213623,49.376400604248,39.06,65.21,76.8,4.78799996376038
2020-02-05,46.5979169209798,42.0562500158946,36.18,62.83,70.8333333333333,10.4008332987626
2020-02-06,40.1555262113872,35.7994734613519,34.92,45.19,87.6842105263158,6.68236842908357
2020-02-07,45.976765015546,41.2355883542229,34.61,60.69,89.4705882352941,14.757352885078
2020-02-08,36.8658335208893,28.0774999459585,27.97,44.15,54.5833333333333,14.7079165776571
2020-02-09,38.1154165267944,34.465416431427,23.18,50.14,63.2916666666667,5.42583328485489
2020-02-10,43.2341666221619,36.7908331553141,35.96,47.68,75.125,12.7137500047684
2020-02-11,46.8297225104438,44.7199997372097,42.91,52.16,92.25,4.88583328988817
2020-02-12,44.1245832443237,39.2429164250692,36.28,50.23,56.1666666666667,9.46041665474574
2020-02-13,41.5833334311461,37.3084615071615,35.49,48.43,87.6666666666667,6.8374358751835
2020-02-14,36.6566667556763,27.6908334096273,25.79,47.17,57.4583333333333,14.9500000079473
2020-02-15,23.0883332888285,13.973749935627,10.96,35.94,41.375,9.24166655540466
2020-02-16,35.1362497806549,28.783333381017,24.19,50.99,64.9166666666667,8.00458335876465
2020-02-17,43.454166730245,39.9200003941854,29.17,55.27,58.875,5.90124993522962
2020-02-18,45.9266662597656,42.4383333524068,31.68,63.99,69.7916666666667,7.04500003655752
2020-02-19,48.6891663869222,43.7516662279765,40.21,59.23,51.625,13.3937499721845
2020-02-20,35.2737499872843,28.9762499332428,25.97,45.41,44.9166666666667,8.01875002185504
2020-02-21,28.9491665363312,19.394166747729,19.18,38.17,45.3333333333333,11.4641667207082
2020-02-22,35.9329166412354,28.6304167111715,19.29,52.21,39.375,11.1283332705498
2020-02-23,42.3799997965495,37.874166727066,21.29,58.77,42.4583333333333,8.23124995827675
2020-02-24,45.0095834732056,43.1350002288818,24.19,63.19,56.5416666666667,3.63125000397364
2020-02-25,48.6493744850159,45.9500006437302,43.56,57.43,83.21875,6.68281246721745
2020-02-26,48.2637502352397,45.858750184377,44.19,53.83,89.75,7.12124998370806
2020-02-27,42.8107410007053,33.8859262819643,32.77,48.43,71.2962962962963,21.8151852289836
2020-02-28,34.987500111262,24.4170834223429,27.95,43.68,49.2916666666667,18.6412499348323
2020-02-29,33.0079168478648,23.4770832856496,24.96,40.73,47.3333333333333,13.999166627725
2020-03-01,34.4299999078115,25.7120836575826,23.97,46.98,46.9166666666667,12.6575000286102
2020-03-02,45.1179170608521,41.4520833492279,26.91,65.17,53.7083333333333,9.0087499221166
2020-03-03,53.0580764183631,51.5980768937331,38.95,61.97,78.0384615384615,8.86999992223886
2020-03-04,50.9220001220703,46.5324003601074,41.2,60.15,59.76,15.8987998962402
2020-03-05,48.6195834477743,44.3004163106283,34.97,57.43,45.7916666666667,9.98166670401891
2020-03-06,41.65083360672,36.4241663614909,32.97,50.23,74.4166666666667,8.73333335916201
2020-03-07,39.6836000061035,31.2751999664307,34.18,49.15,67.28,16.4815999221802
2020-03-08,43.862499554952,39.3791663646698,27.9,62.29,40.9166666666667,9.55541666348775
2020-03-09,53.8562499682109,50.3633338610331,37.44,72.79,41,10.793333252271
2020-03-10,58.3662501970927,56.5729168256124,47.34,67.68,56.8333333333333,12.4700000484784
2020-03-11,54.480833530426,51.7408334414164,41.29,65.21,55.2083333333333,9.37208329637845
2020-03-12,48.7845832506816,46.7666664123535,34.38,59.68,66.2916666666667,6.65583329399427
2020-03-13,56.2727584838867,54.5513796313056,46.62,73.96,80.448275862069,12.3710344248805
2020-03-14,52.7312499682109,48.3920833269755,41.14,64.29,31.5416666666667,13.4870832363764
2020-03-15,47.7595833142598,43.6191665331523,38.97,56.91,55.7083333333333,9.05958331624667
2020-03-16,43.455416838328,37.687916914622,31.6,52.2,49.125,10.9791667163372
2020-03-17,45.724615243765,42.5030769935021,39.18,58.98,77.1538461538462,7.21846153185918
2020-03-18,50.1520835558573,46.8450001080831,32.76,60.98,53.8333333333333,8.89124997456869
2020-03-19,47.1307142802647,43.8699993406023,41.4,56.97,84.75,7.15107148034232
2020-03-20,59.2687501907349,58.5187498728434,47.91,80.83,81.75,10.6545832256476
2020-03-21,56.35666624705,52.9204166730245,41.79,75.78,48.9583333333333,12.8529166976611
2020-03-22,41.8025002479553,34.9062500794729,32.61,50.99,46.4166666666667,12.7512499888738
2020-03-23,41.0218182188092,33.6209089683764,36.18,46.63,84.3333333333333,13.720302957477
2020-03-24,46.3158337275187,41.571666876475,36.91,59.99,72.9166666666667,9.15208333730698
2020-03-25,45.2995832761129,39.434583346049,40.91,55.2,77.6666666666667,12.964583337307
2020-03-26,46.9050002098083,43.6041663487752,31.86,62.78,68.625,8.01249993840853
2020-03-27,56.4045829772949,54.3879172007243,46.96,71.15,66.8333333333333,8.89125001430511
2020-03-28,50.8221873044968,47.0950001478195,45.93,64.67,78.4375,9.48593752086163
2020-03-29,48.8162069649532,44.8603447223532,45.91,53.83,92.1724137931034,10.5986206284885
2020-03-30,50.9855558607313,49.0088892336245,45.91,61.29,88.962962962963,6.79370373266715
2020-03-31,45.9353572300502,41.6039284297398,41.92,53.83,88.6071428571429,9.03214283500399
2020-04-01,45.7320828437805,40.3150000572205,38.17,55.98,65.75,12.6395833094915
2020-04-02,48.4054164886475,42.8637496630351,37.18,59.23,45.4583333333333,19.0145834684372
2020-04-03,51.7545831998189,47.7541667620341,46.2,57.43,47.9166666666667,20.6454166571299
2020-04-04,51.4987500508626,48.5716665585836,47.21,59.23,73.2916666666667,10.1779166559378
2020-04-05,55.524999777476,53.9708334604899,42.31,70.21,72.75,7.28874995311101
2020-04-06,58.5508337020874,56.772083123525,48.61,69.15,56.75,9.83291667699814
2020-04-07,57.9479166666667,55.8362498283386,42.12,69.15,49.0416666666667,7.13958328962326
2020-04-08,60.806333287557,60.15,51.42,76.96,75.7666666666667,10.4119999726613
2020-04-09,54.5204000854492,52.932799987793,46.26,68.23,73.16,13.3324000453949
2020-04-10,45.63041639328,37.5508329868317,38.17,54.19,47.0416666666667,22.8445833524068
2020-04-11,46.2666665712992,40.0829168955485,34.29,58.48,43.0416666666667,16.6462498903275
2020-04-12,54.1658334732056,52.3112500508626,35.29,70.29,50.5833333333333,7.08541668454806
2020-04-13,61.644848910245,61.497272607052,54.91,74.17,84.9393939393939,18.749090830485
2020-04-14,54.7112503051758,51.6308334668477,43.29,70.21,46.875,12.753749926885
2020-04-15,47.5750002861023,42.5662503242493,37.96,55.63,51.7916666666667,12.3120833436648
2020-04-16,45.9795835812887,39.9933333396912,39.6,52.03,43.5833333333333,13.7474999030431
2020-04-17,44.3116668065389,40.0820831457774,30.61,54.68,40.7916666666667,9.40500000119209
2020-04-18,46.8252001953125,42.548399810791,42.8,50.68,71.08,10.7636000442505
2020-04-19,48.6412501335144,45.5966668128967,28.62,63.77,52.125,10.2395832737287
2020-04-20,54.9620833396912,52.7291669845581,47.97,60.01,54.6666666666667,8.96666660904884
2020-04-21,53.0356004333496,50.4572001647949,43.03,67.17,66.28,13.0528001022339
2020-04-22,44.7520834604899,37.7458332379659,34.18,55.49,36.6666666666667,19.5829169750214
2020-04-23,48.2716670036316,44.6979166666667,35.29,60.69,40.9166666666667,7.86458331346512
2020-04-24,47.0919563459313,42.0673917687458,43.61,51.69,91.3260869565217,11.3843477705251
2020-04-25,54.2520833015442,52.6425000826518,39.22,68.68,71.9583333333333,5.58416664600372
2020-04-26,49.4644731220446,44.9534211409719,46.09,57.43,83.3947368421053,11.5265790161334
2020-04-27,46.6003573281424,41.3989286422729,40.08,56.68,80.25,12.9424999782017
2020-04-28,51.7816665967306,47.943750222524,38.61,67.98,57.6666666666667,10.4937499364217
2020-04-29,57.0300000508626,55.431249777476,46.29,69.69,63.7916666666667,12.8729168574015
2020-04-30,61.5315997314453,61.1556004333496,54.36,70.21,80.24,17.0635998153687
2020-05-01,60.9107690957876,60.5696152907151,55.8,70.09,82.3461538461538,8.20807690803821
2020-05-02,62.7154165903727,61.1720836957296,48.9,76.15,52.8333333333333,12.0329166253408
2020-05-03,65.2829165458679,64.452917098999,53.19,81.19,61.9583333333333,10.0187499920527
2020-05-04,67.5233335494995,66.7004164059957,57.06,75.99,57.9166666666667,13.3654167155425
2020-05-05,54.3591664632161,51.2791668574015,43.74,62.69,43.2083333333333,11.4445832967758
2020-05-06,52.0658334096273,49.3216665585836,44.19,57.69,64.125,7.81208330392838
2020-05-07,53.1258328755697,49.5037500063578,42.19,67.98,60.375,11.2687499523163
2020-05-08,53.8820830980937,51.3512503306071,47.7,63.23,53.2083333333333,9.10500005880992
2020-05-09,42.4057693481445,33.9657691808847,32.14,49.96,58.8846153846154,19.2546154535734
2020-05-10,49.4462498029073,43.6545832157135,34.74,66.49,39.3333333333333,17.1037499109904
2020-05-11,54.417200012207,52.3171998596191,44.29,63.23,58,14.2096001720428
2020-05-12,51.2204168637594,46.9612499872843,41.18,61.61,47.8333333333333,15.6762499014537
2020-05-13,54.5191666285197,51.6383330027262,36.28,68.14,39.4166666666667,8.89083334803581
2020-05-14,60.4845830599467,58.8224992752075,41.97,75.94,51,7.64874999721845
2020-05-15,71.2945839564006,71.1291669209798,60.94,87.22,65.5833333333333,11.5937498907248
2020-05-16,74.4695828755697,74.1574996312459,66.24,81.16,53,11.3083332677682
2020-05-17,64.0245825449626,63.0891668001811,51.3,76.19,63.0416666666667,9.24041664600372
2020-05-18,59.9979160626729,58.8408335049947,51.19,70.79,66.8333333333333,12.0137499570847
2020-05-19,60.6629161834717,58.7641665140788,50.76,70.79,49.625,17.5887500047684
2020-05-20,56.172916730245,53.6704163551331,48.18,65.16,46.4166666666667,15.8925000031789
2020-05-21,57.5245836575826,55.1079163551331,41.4,76.15,64.7083333333333,9.58375002940496
2020-05-22,62.8599991431603,62.6661536876972,50.92,74.17,81.2307692307692,6.72615382304558
2020-05-23,66.9427268288352,67.5878792965051,62.19,77.77,90.4242424242424,7.28757574341514
2020-05-24,60.8258326848348,60.2620832125346,51.91,73.49,77.7083333333333,12.0054166316986
2020-05-25,63.2825001080831,63.0804166793823,55.94,77.14,80.1666666666667,7.35208332538605
2020-05-26,68.7716666857402,69.1579174995422,57.18,84.79,78.5,4.74999993046125
2020-05-27,71.0737503369649,71.6562503178914,59.22,84.69,77.3333333333333,5.80916664997737
2020-05-28,72.2826670328776,73.2563318888346,65.97,81.97,86.0333333333333,8.17199991544088
2020-05-29,76.9123999023438,79.7315994262695,68.95,86.68,82,10.4412000656128
2020-05-30,76.1158329645793,76.4066664377848,65.21,84.97,64.4166666666667,9.44125000635783
2020-05-31,67.896666208903,66.4087502161662,56.16,79.68,43.0416666666667,13.2916666666667
2020-06-01,62.9024998346964,60.7929164568583,46.29,74.97,40.4166666666667,10.9795832236608
2020-06-02,65.9845825831095,64.6570831934611,53.62,74.21,50.5,9.65583332379659
2020-06-03,73.759583791097,74.4200000762939,61.2,88.61,63.0416666666667,9.73000001907349
2020-06-04,76.812399597168,77.7404000854492,63.97,91.96,71.64,6.48719997406006
2020-06-05,76.2270832061768,78.3129167556763,67.96,86.97,79.6666666666667,10.0770832498868
2020-06-06,77.9892001342773,80.1931994628906,67.91,90.93,78.68,8.58079997062683
2020-06-07,74.6329167683919,73.9449996948242,62.49,86.94,44.75,12.3225000301997
2020-06-08,70.999166170756,69.9383333524068,54,82.69,43.4166666666667,9.36624999841054
2020-06-09,76.3712501525879,76.1491670608521,56.97,90.48,50.9583333333333,9.21708337465922
2020-06-10,80.7854159673055,84.8962497711182,67.91,93.94,68.75,8.86458324392637
2020-06-11,77.7173077509953,79.241153717041,71.96,85.68,81.5384615384615,12.2869230783903
2020-06-12,77.5145829518636,77.3083333969116,61.97,88.93,59.4166666666667,8.7704166273276
2020-06-13,71.4683337211609,70.4137498537699,58.77,83.19,44.5,10.5495832959811
2020-06-14,66.8099999427795,65.2870831489563,53.29,79.18,44.5833333333333,11.1008333563805
2020-06-15,67.6929171880086,66.8387495676676,53.96,79.48,56.9166666666667,10.5600000222524
2020-06-16,68.1279164950053,67.3208333651225,54.97,80.49,57.0416666666667,11.9945832888285
2020-06-17,67.4562501907349,67.3108334541321,57.42,78.8,72.5833333333333,11.8370832800865
2020-06-18,69.3229625843189,70.1533327455874,61.92,84.96,84.1851851851852,9.68407410162466
2020-06-19,75.3116655349731,76.3895839055379,61.97,88.68,71.4583333333333,5.86208333571752
2020-06-20,75.3745832443237,76.5979162851969,62.64,88.95,73.5833333333333,5.55083325505257
2020-06-21,76.1712497075399,77.8179162343343,64.08,90.79,77.25,4.40041662255923
2020-06-22,79.4554166793823,82.1783336003621,64.98,93.29,71.8333333333333,7.40375003218651
2020-06-23,80.628750483195,84.0299990971883,65.97,94.37,71.4166666666667,7.85583333174388
2020-06-24,81.1899998982747,82.5470825831095,73.78,88.68,58.9166666666667,12.3229166865349
2020-06-25,78.9845832188924,78.9662497838338,64.96,88.03,52.125,7.53083330392838
2020-06-26,77.8245833714803,77.9887501398722,62.96,90.68,60,7.79333329200745
2020-06-27,79.9566666285197,81.8200003306071,66.29,90.95,62.7083333333333,12.4424998760223
2020-06-28,83.4829165140788,86.2508331934611,70.29,94.95,62.375,8.53791662057241
2020-06-29,81.8108342488607,82.9887507756551,68.97,92.97,59.4166666666667,11.1854165792465
2020-06-30,78.4591665267944,78.8541660308838,65.28,89.2,59.2916666666667,7.77291674415271
2020-07-01,77.0870831807454,78.0962492624919,63.72,88.97,69,6.97208329041799
2020-07-02,80.1762504577637,81.2479168574015,63.97,96.31,63.5416666666667,8.87374996145566
2020-07-03,87.5008331934611,88.9624996185303,71.1,97.97,47.3333333333333,9.10583333174388
2020-07-04,81.0112495422363,82.6783332824707,70.18,94.68,66.9583333333333,8.34958334763845
2020-07-05,83.8016662597656,86.790833791097,69.96,98.83,65.7916666666667,8.45208334922791
2020-07-06,82.6339285714286,87.6485721043178,69.31,95.23,71.7142857142857,9.48214278050831
2020-07-07,77.2454166412354,80.0775003433228,64.26,92.17,75.625,7.22375000516574
2020-07-08,81.4129161834717,84.3712501525879,71.94,94.96,74,6.83666670322418
2020-07-09,82.3774998982747,85.8545831044515,70.97,94.48,71.5833333333333,6.50749999284744
2020-07-10,75.4940002441406,77.1422855922154,72.21,84.99,90.3714285714286,14.2154287202018
2020-07-11,78.0671427590506,81.7032149178641,70.18,91.69,83.5,12.1042856914657
2020-07-12,82.0645834604899,83.5249993006388,68.29,92.48,58.6666666666667,11.501666645209
2020-07-13,79.5029169718425,80.6604169209798,67.96,90.68,66.875,8.62124995390574
2020-07-14,79.9208332697551,80.3754167556763,65.28,90.68,55.0416666666667,8.69625002145767
2020-07-15,80.2054163614909,81.7287499109904,66.96,90.48,60.7083333333333,7.57166666785876
2020-07-16,75.0266663233439,75.980416615804,66.18,84.94,72.1666666666667,10.0612499813239
2020-07-17,77.1116666793823,80.3862501780192,67.91,93.69,77.5,7.64916664361954
2020-07-18,85.4995835622152,88.3820838928223,66.78,96.93,59.375,5.98500004410744
2020-07-19,87.2175000508626,91.6033331553141,68.97,97.95,57.125,7.5183333059152
2020-07-20,87.8991661071777,95.8537505467733,76.96,98.92,65.2916666666667,9.90666663646698
2020-07-21,88.7729167938232,91.9358329772949,72.72,99.93,47.75,6.71499998370806
2020-07-22,84.622691814716,89.7649996830867,71.83,96.89,67.5,7.95692306298476
2020-07-23,80.0003846975473,83.7388461186336,71.2,92.21,79.8461538461538,8.06153848538032
2020-07-24,79.2538460951585,82.5834623483511,71.29,88.99,80.0769230769231,7.69153841642233
2020-07-25,79.7358331680298,82.9495827356974,68.94,93.69,77.5833333333333,4.81833332777023
2020-07-26,84.3287499745687,88.7320833206177,72.72,96.93,70.4583333333333,9.37625002861023
2020-07-27,87.2100006739299,90.3525002797445,68.04,97.99,54.125,9.63708326220512
2020-07-28,87.1612491607666,93.144583384196,75.29,96.69,61.5416666666667,10.9604166944822
2020-07-29,86.6637506484985,88.3224999109904,70.2,96.96,51.4166666666667,7.23333334922791
2020-07-30,86.1741679509481,89.3687512079875,68.4,98.51,56.8333333333333,7.42250001430511
2020-07-31,77.7667993164062,80.0924005126953,69.91,88.03,78.52,7.50200009346008
2020-08-01,81.5979162851969,83.4908326466878,67.5,93.96,66.6666666666667,5.41458330551783
2020-08-02,83.1866668065389,88.6945835749308,73.18,95.68,73.75,11.4729167222977
2020-08-03,84.5370836257935,88.1683330535889,72.97,94.68,60.25,9.9066666563352
2020-08-04,75.9431422642299,77.5622855050223,68.63,84.69,84.9142857142857,13.850571339471
2020-08-05,80.0795841217041,81.1799993515015,67.96,92.03,66.2083333333333,8.94750001033147
2020-08-06,77.2162961606626,78.4407407972548,66.06,85.96,72.3703703703704,5.23259260036327
2020-08-07,73.9045166507844,75.1719352968277,68.92,86.97,86.2903225806452,8.43580644361434
2020-08-08,75.6312002563477,77.457200012207,67.96,88.18,81.28,6.46559996604919
2020-08-09,79.457083384196,82.6233332951864,68.22,91.49,75.5,6.59458329280217
2020-08-10,83.0858332316081,87.3779163360596,71.29,96.69,72.7083333333333,7.12041663130124
2020-08-11,82.3920828501384,86.9800004959106,71.96,92.97,76.2916666666667,7.79083333412806
2020-08-12,81.5829637315538,86.5781484533239,72.23,94.19,79.3333333333333,7.5488888864164
2020-08-13,77.0831997680664,78.4756002807617,72,81.48,86.92,4.17479999542236
2020-08-14,78.3003997802734,80.3204000854492,71.1,87.8,79.08,9.39519987106323
2020-08-15,76.9012502034505,77.2891674041748,64.08,83.79,61.25,8.33333330353101
2020-08-16,70.1803844158466,70.889231461745,65.68,74.98,84.9230769230769,12.3207691632784
2020-08-17,72.9566667874654,73.9520832697551,59.94,86.49,74.875,7.61583329240481
2020-08-18,75.4516000366211,75.93,62.96,87.22,69.08,6.44280002593994
2020-08-19,75.5929164886475,76.0345834096273,63.72,83.68,69.625,5.27083325386047
2020-08-20,74.6900005340576,74.3470830917358,60.3,85.98,56.375,6.74166670441628
2020-08-21,76.5791670481364,77.8500003814697,61.97,87.89,67.8333333333333,8.34499997893969
2020-08-22,79.4391657511393,81.8087498346965,70.97,90.97,74.2083333333333,9.01250004768372
2020-08-23,78.0587498346965,80.5404170354207,68.97,87.19,79.5833333333333,5.16999997695287
2020-08-24,79.438846881573,82.7230770404522,67.5,93.96,77.6153846153846,6.02346152525682
2020-08-25,83.0737492243449,86.8220834732056,72.21,91.98,69.3333333333333,11.4454166690509
2020-08-26,77.9420833587646,78.2662496566772,63.97,87.69,52.0833333333333,11.5762499968211
2020-08-27,81.7983338038127,85.2800010045369,68.29,94.68,63.875,12.9737499256929
2020-08-28,81.2124999364217,84.0479154586792,69.31,91.92,65.0833333333333,10.5870833893617
2020-08-29,75.3471997070313,77.3396005249023,70.92,84.69,88,8.74080003738403
2020-08-30,74.6479164759318,74.7183332443237,62.82,81.68,61.7083333333333,13.6266665458679
2020-08-31,71.5695832570394,71.5070838928223,57.42,78.22,65.5416666666667,6.17499998211861
2020-09-01,72.9454161326091,73.4541664123535,63.97,81.97,76.6666666666667,7.71333325902621
2020-09-02,76.8637501398722,79.7412497202555,69.91,87.94,81.0833333333333,8.65250000357628
2020-09-03,80.1083996582031,83.0868002319336,70.29,91.96,76.68,8.11199994087219
2020-09-04,79.6539999389648,81.5415991210938,68.23,90.68,74.4,9.0731999874115
2020-09-05,75.1308336257935,74.4408337275187,61.03,83.93,45.4583333333333,8.33999997377396
2020-09-06,74.8787495295207,74.415833791097,54.54,87.94,53.7916666666667,5.96541664997737
2020-09-07,74.4312496185303,74.6733341217041,55.44,86.97,64,6.41458328564962
2020-09-08,75.6270831425985,76.4233341217041,57.42,89.49,69.0833333333333,4.88458334406217
2020-09-09,75.4999996821086,77.2245829900106,65.97,84.69,81,6.96291669209798
2020-09-10,76.0813790683089,78.4806886870286,71.83,85.96,88.9655172413793,5.32379309884433
2020-09-11,75.1367993164063,76.2916006469727,70.21,78.98,83.88,7.86639994621277
2020-09-12,69.4608327547709,69.3070831298828,58.5,77.79,68.0833333333333,10.0233332713445
2020-09-13,69.321666876475,69.2804163297017,54.18,81.23,71.875,6.62499998013179
2020-09-14,73.3049996693929,73.5299997329712,67.14,77.99,67.9583333333333,10.3750000099341
2020-09-15,61.3491667111715,59.6583336194356,49.14,70.61,52.6666666666667,9.06416661540667
2020-09-16,62.9704168637594,62.0962498982747,42.12,74.98,66.5833333333333,4.87999996542931
2020-09-17,68.6145836512248,68.8470834096273,57.96,77.68,78.125,3.78791662057241
2020-09-18,68.1370836893717,68.2504162788391,59.77,73.98,76.5416666666667,10.6962500611941
2020-09-19,57.8829167683919,55.0979166030884,45.28,67.48,41.5416666666667,14.3449999888738
2020-09-20,56.8175002733866,54.1158334414164,41.61,66.94,45,9.75916667779287
2020-09-21,57.2904165585836,54.7412497202555,44.64,69.49,44.25,9.4141667286555
2020-09-22,59.953749815623,57.9462501207987,43.61,74.98,48.0416666666667,7.4766665995121
2020-09-23,67.1141664187113,65.7820831934611,50.61,82.96,47.875,9.35791673262914
2020-09-24,69.3504169782003,68.9379172325134,57.43,77.63,62.7916666666667,4.76749995350838
2020-09-25,67.4929170608521,67.6095833778381,54.19,77.95,78,5.39874998728434
2020-09-26,68.2364001464844,68.6668002319336,60.96,79.03,83.08,6.576399974823
2020-09-27,71.613333384196,72.4016669591268,65.91,81.68,83.5,6.28083332379659
2020-09-28,73.0603335062663,74.2273330688477,66.9,83.95,84.3666666666667,7.59633334477742
2020-09-29,70.8010706220354,71.6789283752441,64.06,77.04,87.25,7.65214288234711
2020-09-30,65.3670364662453,65.2396296748409,55.62,73.29,77.3333333333333,15.6585184203254
2020-10-01,64.8591667811076,64.1150002479553,55.94,74.98,65.2916666666667,9.34875000516574
2020-10-02,60.5746160653921,59.6957696767954,53.62,69.93,71.6153846153846,6.02346147940709
2020-10-03,58.3837501207987,56.6258333524068,48.2,68.94,57.5416666666667,7.58583337068558
2020-10-04,59.150416692098,57.63041639328,39.06,71.94,61.4583333333333,5.46791662772497
2020-10-05,61.3224999109904,60.4074997901917,48.42,70.93,69.2083333333333,6.15249996383985
2020-10-06,60.9845832188924,59.92458264033,48.25,72.48,66.8333333333333,6.63333327571551
2020-10-07,66.0750006039937,65.6195828119914,54.28,79.48,68.9166666666667,12.9545833468437
2020-10-08,63.4537493387858,61.755833307902,52.56,73.98,48,12.900000055631
2020-10-09,60.5350000063578,58.8333330154419,44.83,73.98,54.125,7.33708324035009
2020-10-10,63.8633332252502,63.2808340390523,55.94,74.21,70.8333333333333,10.2799999713898
2020-10-11,64.9960003662109,65.0671992492676,59.18,70.21,82.36,9.69159996986389
2020-10-12,56.097999899728,55.6891428266253,51.91,61.61,91.1428571428571,16.4842858178275
2020-10-13,58.7603333791097,58.4836664835612,54.18,65.68,88.3,13.3560000101725
2020-10-14,60.3762504259745,59.2433333396912,43.74,73.92,66.5416666666667,8.4074999888738
2020-10-15,64.1212493578593,63.3620835940043,49.68,76.78,66.5833333333333,9.77708333730698
2020-10-16,58.6614289964948,58.2646424429757,50.97,67.6,85.8928571428571,8.7149999993188
2020-10-17,52.596249739329,49.8949995040894,41.4,62.92,65.7916666666667,9.1058333615462
2020-10-18,53.6916669209798,52.235416730245,32.76,67.98,65.625,4.60499998927116
2020-10-19,59.6712497075399,58.8875001271566,44.64,71.94,75.5,5.60333330432574
2020-10-20,61.7632350921631,61.753823336433,54.9,74.17,87.5588235294118,4.55882345227634
2020-10-21,65.1372006225586,65.4920001220703,55.63,79.79,88.12,4.76239991188049
2020-10-22,67.5623080913837,68.2119225722093,58.95,78.96,89.2307692307692,3.39346146583557
2020-10-23,66.8895834287008,67.3929162025452,60.69,75.49,87.5416666666667,6.11458326379458
2020-10-24,65.2287508646647,65.3674998283386,57.78,74.68,83.2916666666667,9.92458327611287
2020-10-25,49.6854163805644,45.8812497456869,43.77,59.27,66.7083333333333,11.7158333659172
2020-10-26,55.0337139674595,53.7654290335519,44.78,64.98,92.7428571428571,8.40371432985578
2020-10-27,59.6304165522257,59.1895833015442,53.28,64.98,82.9166666666667,6.69249999523163
2020-10-28,59.4688461010273,58.9215381328876,53.46,67.98,81,7.19269229815556
2020-10-29,54.1505884282729,53.4747057522044,48.78,60.22,89.5588235294118,11.3029412241543
2020-10-30,46.0733332778468,39.8824240944602,39.78,50.97,88.8181818181818,14.2830302932046
2020-10-31,42.0449997584025,37.840416987737,29.16,51.96,65.5416666666667,6.75166671474775
2020-11-01,48.2676921257606,46.8088464003343,35.82,56.21,78.2307692307692,7.79961530978863
2020-11-02,43.6520837148031,35.1804166634878,37.2,52.95,51.0416666666667,21.7350000540415
2020-11-03,46.475000222524,39.9620831807454,36.48,58.15,43.7083333333333,16.8891667922338
2020-11-04,51.8558330535889,50.3420837720235,32.04,68.79,61.8333333333333,4.68958328167597
2020-11-05,56.1750002640944,55.0734612391545,41.23,70.79,72.0769230769231,5.64538459594433
2020-11-06,58.6995832125346,57.6958333651225,43.56,72.95,72.9166666666667,4.5345833102862
2020-11-07,60.9554169972738,59.7795828183492,41.4,77.29,65.6666666666667,6.10541659593582
2020-11-08,61.2449997266134,60.0658332506816,38.88,79.03,63.5416666666667,3.1649999221166
2020-11-09,60.9199996675764,60.2467854363578,40.86,76.95,75.1785714285714,3.65535707984652
2020-11-10,62.6846152085524,62.3284618671124,45.18,76.98,78.1538461538462,5.57384608342097
2020-11-11,65.8510705402919,66.2860713686262,58.28,72.95,88.3214285714286,8.08642857415336
2020-11-12,61.3543751239777,61.1246876716614,46.18,68.23,90.90625,9.07406240701675
2020-11-13,48.3277776506212,44.981666776869,45.72,54.97,90.1388888888889,8.10138893127441
2020-11-14,49.4091668128967,46.2474997838338,40.6,55.98,62.4166666666667,8.16375003258387
2020-11-15,50.1629166603088,48.0662503242493,30.96,66.25,64.5416666666667,8.90166673064232
2020-11-16,53.842799987793,51.0319996643066,42.78,65.21,54.48,15.5335999679565
2020-11-17,45.9862502415975,41.3970832824707,33.31,53.98,47.0416666666667,10.7466666102409
2020-11-18,37.3383334477743,28.5512499809265,31.6,44.49,47.25,15.3316667079926
2020-11-19,37.3550000190735,31.9958334763845,22.14,49.37,52.0416666666667,8.33249992132187
2020-11-20,50.1670831044515,45.9891668955485,38.52,63.95,56.6666666666667,10.9891666173935
2020-11-21,54.572499593099,53.0054162343343,39.43,66.97,60.25,6.394583294789
2020-11-22,51.1658336321513,48.0075003306071,44.62,59.09,62.3333333333333,10.559999982516
2020-11-23,54.4796667734782,53.0040000915527,45.21,60.22,77.6,12.6906667391459
2020-11-24,44.02583360672,39.2308332125346,32.97,50.94,56.1666666666667,9.02749993403753
2020-11-25,47.7858335177104,45.1416664123535,38.34,56.97,61.0416666666667,7.23208328088125
2020-11-26,58.8862968727394,58.1674071417915,49.77,68.97,78.5925925925926,9.66925920380486
2020-11-27,55.5454163551331,54.127499739329,43.61,60.93,70.7916666666667,5.24999999006589
2020-11-28,52.7170829772949,50.7554168701172,44.8,57.97,66.0833333333333,7.88583318392436
2020-11-29,46.9549996058146,44.0249999364217,30.6,57.29,52.125,6.14291663964589
2020-11-30,55.7490321743873,54.9554833442934,39.25,68.23,81.9032258064516,12.5338709277491
2020-12-01,49.2475999450684,44.7564002990723,40.17,61.56,76.72,13.708000164032
2020-12-02,39.4275002479553,29.7599999904633,33.19,45.05,58.625,20.1133333047231
2020-12-03,40.7904165585836,34.2645833492279,28.96,53.49,50.25,11.1004166205724
2020-12-04,45.6437497138977,41.7370832761129,39.18,50.23,68.5416666666667,7.67041670282682
2020-12-05,44.0938465411846,38.1761540632981,40.77,47.48,83.6538461538462,13.146538404318
2020-12-06,40.2745831807454,32.2616664568583,34.29,44.49,53.8333333333333,15.1083331505458
2020-12-07,34.0587499141693,27.071666876475,26.49,40.15,60.6666666666667,8.7137500445048
2020-12-08,34.7808332443237,26.762499888738,27.61,42.31,58.2083333333333,11.5941666563352
2020-12-09,35.6211999511719,27.8108000946045,27.95,41.23,63.48,11.3539999580383
2020-12-10,42.4879167874654,36.4050000508626,33.19,52.03,64.1666666666667,11.4216666022936
2020-12-11,44.0704162915548,41.5070833365122,25.74,58.21,74.125,6.26374996701876
2020-12-12,49.1433332761129,47.7137500445048,32.76,62.96,84.7083333333333,4.63708330194155
2020-12-13,54.2516670227051,52.6158332824707,44.83,64.96,73.3333333333333,10.0000000198682
2020-12-14,42.3851855242694,37.6385183687563,35.28,49.55,76.9259259259259,7.95296292834812
2020-12-15,35.9262501398722,29.0879166126251,27.61,40.68,57.9166666666667,9.71208328008652
2020-12-16,30.5820834636688,20.4370833237966,25.02,37.31,62.75,14.102083325386
2020-12-17,30.3757140295846,19.2646430901119,23.76,37.8,83.7142857142857,17.832143000194
2020-12-18,29.9154165585836,22.0541668732961,21.61,36.95,73.1666666666667,8.65791668494542
2020-12-19,27.9808334509532,22.8970832824707,16.29,35.69,66.6666666666667,4.96666661898295
2020-12-20,33.7531999206543,29.8351998901367,23.23,41.99,76.16,4.52039993286133
2020-12-21,36.795517230856,33.8206895630935,28.9,44.69,88.8965517241379,4.19275863417264
2020-12-22,39.8335480228547,34.2677419724003,33.96,46.98,84.0322580645161,9.23741942836392
2020-12-23,41.0524999300639,36.3533331553141,27,47.95,59.8333333333333,7.87624996900558
2020-12-24,49.3348004150391,46.8095999145508,35.19,62.98,77.84,11.1227999305725
2020-12-25,51.8648276493467,48.5399997316558,31.17,66.43,85.4137931034483,18.5979310726297
2020-12-26,27.6887499491374,15.524166504542,22.17,34.03,55.9583333333333,19.0233333110809
2020-12-27,30.1804167429606,23.7154165903727,21.24,39.94,58.4583333333333,6.96208331982295
2020-12-28,39.4433335463206,34.6170831521352,25.95,51.94,69.2083333333333,7.68083331982295
2020-12-29,39.1779168446859,31.4804165363312,32.77,46,51.75,13.6633333563805
2020-12-30,34.4524997075399,28.9524999459585,24.66,44.94,53.0416666666667,7.24083322286606
2020-12-31,44.9896005249023,39.5404000854492,37.78,50.23,75.92,11.363600025177
2021-01-01,35.5499998972966,29.3792308660654,26.83,43.03,72.5,8.17730770661281
2021-01-02,42.7718179876154,37.6412124055805,34.92,53.98,86,11.1718181407813
2021-01-03,37.927272681034,31.0115151260838,32.58,46.29,84.030303030303,10.5406061085788
2021-01-04,37.9191179836498,31.4938232758466,33.19,43.97,87.7058823529412,9.16999997812159
2021-01-05,40.1066668828328,36.1387502352397,36.18,43.79,76.2083333333333,5.9104166328907
2021-01-06,39.8991669019063,32.2450002829234,36.61,43.48,65.8333333333333,14.1674999992053
2021-01-07,37.9674995740255,30.0737497806549,31.05,45.93,59.875,12.849166671435
2021-01-08,32.7354166507721,27.0674997965495,25.2,39.29,66.0416666666667,6.49791665871938
2021-01-09,34.1033334732056,25.6941665013631,24.84,43.97,49.7083333333333,12.157500008742
2021-01-10,38.2616669336955,31.6399999459585,26.91,46.94,49.7916666666667,10.640000085036
2021-01-11,35.8283331394196,34.5449997584025,22.14,42.94,58.2083333333333,2.18416667977969
2021-01-12,36.3954172134399,32.8666667143504,23.22,46,68.125,4.59124998251597
2021-01-13,38.2516665458679,33.5554168224335,27.18,47.95,62.4583333333333,7.39791667461395
2021-01-14,40.8762502670288,39.0758334795634,28.96,52.03,68.2916666666667,3.32708335916201
2021-01-15,42.9337498346964,39.1429165204366,30.43,55.22,76.3333333333333,8.49249998728434
2021-01-16,45.9423333485921,41.6523329416911,39.96,51.22,84.6333333333333,9.11033335526784
2021-01-17,39.4870835940043,31.0129165649414,32.18,47.17,61.125,15.7041668494542
2021-01-18,41.4283332824707,35.0412499109904,31.95,47.61,60.5416666666667,11.6662500699361
2021-01-19,37.7579167683919,29.9204168319702,28.96,45.19,57.0833333333333,13.3054167429606
2021-01-20,38.0476000976563,30.8768000030518,29.16,42.98,54.84,12.3688000869751
2021-01-21,33.6774997711182,27.4266664981842,23.23,45.21,52.1666666666667,7.94874999920527
2021-01-22,39.8433332443237,33.074166615804,30.24,47.17,55.0416666666667,12.2154167890549
2021-01-23,33.4787500699361,22.7475000222524,27.77,41.27,43.2916666666667,18.2179166873296
2021-01-24,28.6583334604899,18.2866667509079,21.61,36.19,44,13.0254166523616
2021-01-25,32.6174999078115,26.9266666571299,25.61,36.99,42.3333333333333,6.33708334962527
2021-01-26,35.1943591191218,28.6369232764611,31.32,39.22,74.9230769230769,8.53179492094578
2021-01-27,36.4076921022855,29.2599999354436,32.61,40.68,80.5,11.0823076963425
2021-01-28,30.8733336925507,19.3258332808812,25.79,34.93,52.5416666666667,18.3050000270208
2021-01-29,25.0724999109904,12.5624999205271,20.91,29.68,41.2916666666667,22.1912498871485
2021-01-30,25.2329165140788,15.7658332784971,15.62,36.19,49.2916666666667,10.4766666690509
2021-01-31,27.9625000953674,21.0487499634425,19.62,32.95,58.5416666666667,7.36583332220713
2021-02-01,28.2094443639119,15.712499777476,23.04,32.97,89.0833333333333,21.744166665607
2021-02-02,32.0843181610107,21.2561365040866,28.98,36.19,91,16.4681820002469
2021-02-03,32.28074059663,22.3070369296604,27.18,37.96,75.5925925925926,14.611481472298
2021-02-04,34.8037501176198,26.0954166253408,27.54,43.21,58.7083333333333,12.7745832800865
2021-02-05,39.7045830090841,34.5920833746592,27.18,50.29,67.2083333333333,8.76833336551984
2021-02-06,39.5275001525879,32.2537501653036,25.95,47.21,52.5833333333333,13.460833410422
2021-02-07,34.9451429094587,28.987714276995,29.17,41.23,81.7142857142857,7.48257144519261
2021-02-08,27.6803999328613,18.5160000610352,16.77,35.94,53.08,10.5179999923706
2021-02-09,30.5567855153765,24.632499899183,18.95,37.96,74.7142857142857,6.398928633758
2021-02-10,31.8358337084452,25.9558332761129,18.61,37.29,68.5416666666667,6.32000001271566
2021-02-11,30.0791176627664,22.827647040872,26.91,35.69,80.9705882352941,7.88794120620279
2021-02-12,26.9083334604899,18.9062499205271,19.78,31.95,53.5416666666667,8.34458331267039
2021-02-13,28.1650001207987,19.3720832268397,25.29,30.22,51.7083333333333,10.0233332713445
2021-02-14,29.1700001557668,20.9770834445953,24.19,37.27,78.5833333333333,8.80041668812434
2021-02-15,35.1103997802734,28.3556000518799,32.05,37.83,71.64,8.67560007095337
2021-02-16,39.3313513059874,32.1554054569554,31.91,50.95,87.5945945945946,12.4127027279622
2021-02-17,29.8287498950958,19.952083269755,22.17,40.19,47.5,13.360416730245
2021-02-18,27.3473333994548,18.6030000368754,22.5,31.19,72.1,10.1619999647141
2021-02-19,30.1400000832298,20.8406061692671,26.19,34.03,91.4242424242424,11.2354545015277
2021-02-20,30.2666665712992,20.584999759992,22.28,34.21,68.875,12.9208334088326
2021-02-21,28.2324999173482,18.5004166762034,18.61,37.63,55.1666666666667,11.2808334231377
2021-02-22,32.4461293374338,26.5964518516294,23.18,36.97,77.8387096774194,6.48967747534475
2021-02-23,37.7151726032126,30.9893101659314,30.09,50.63,80.4827586206897,10.7434483396596
2021-02-24,44.5045830408732,39.6279168923696,28.44,57.22,61.75,11.1120833754539
2021-02-25,46.7733330726624,41.2162497838338,40.78,52.03,50.6666666666667,13.1575000882149
2021-02-26,41.8820830980937,38.1724996566772,28.44,50.97,43.625,5.97583337624868
2021-02-27,41.4793549814532,36.5458065771288,32.97,53.96,83.2903225806452,9.11612907532723
2021-02-28,42.0990909229625,37.7033333055901,35.29,46,88.7272727272727,7.24606055924387
2021-03-01,43.6636581420898,39.7580488251477,38.61,48.96,89.5121951219512,7.8934146311225
2021-03-02,33.4470830758413,22.563750187556,23.18,44.49,38.1666666666667,18.9637501239777
2021-03-03,39.8679164250692,34.0274998346964,25.92,56.93,50.75,10.333333392938
2021-03-04,44.1495838165283,38.3800002733866,31.86,51.01,51.5833333333333,12.8945833245913
2021-03-05,32.1316668987274,20.9958332379659,22.6,40.17,36.4166666666667,19.0204166968664
2021-03-06,34.8591664632161,25.8583333492279,27.97,39.94,47.25,13.6450000603994
2021-03-07,35.8683333396912,29.4087501366933,22.5,44.49,45.3333333333333,8.9991666674614
2021-03-08,35.7337501049042,29.6866666475932,22.6,47.95,41.3333333333333,7.94374998410543
2021-03-09,49.0125001271566,44.5025000572205,33.12,68.23,38.25,10.4754167000453
2021-03-10,52.1050003369649,49.3195830980937,34.03,66.97,50.3333333333333,7.85374999046326
2021-03-11,55.594165802002,53.8595835367839,37.44,75.43,65.25,7.45625000198682
2021-03-12,62.6041665077209,60.7058335940043,52.29,72.19,45.5416666666667,10.0500000317891
2021-03-13,48.8158334096273,43.3104167779287,34.56,64.29,24.6666666666667,15.0783333381017
2021-03-14,47.9516668319702,43.4595829645793,34.97,60.31,32.0833333333333,15.3758333921432
2021-03-15,35.4174999396006,25.1941667397817,25.61,48.09,27.3333333333333,18.0320833921432
2021-03-16,36.3404165903727,30.0287500222524,27.72,41.79,38.5416666666667,8.51499992609024
2021-03-17,40.75,36.3768000793457,35.62,49.96,81.68,6.51119988441467
2021-03-18,46.2463635531339,42.6554546934186,42.91,50.23,90.5757575757576,7.40090907703746
2021-03-19,43.2215998840332,35.0876000213623,36.61,49.78,58.44,18.4616000366211
2021-03-20,43.90625,38.6787497997284,27.72,61.48,33.875,8.1366666952769
2021-03-21,50.3916664123535,47.5104161898295,32.23,67.48,44.2916666666667,5.69749997059504
2021-03-22,51.3266666730245,49.3741666475932,33.31,66.61,48.5416666666667,5.48208336035411
2021-03-23,52.1774997711182,49.2479168574015,39.25,68.49,64.0416666666667,8.55500000715256
2021-03-24,54.0657577514648,52.7633332917185,44.91,60.22,89.0606060606061,8.39363644339821
2021-03-25,57.2726926069993,57.0900005927453,51.3,63.21,93.4230769230769,5.76653848244594
2021-03-26,66.2174073678476,66.075926038954,55.9,82.63,75.7777777777778,14.7111110775559
2021-03-27,60.3704171180725,58.741250038147,42.12,71.94,55,10.0795833965143
2021-03-28,59.0537931508031,58.2603442751128,50.76,71.22,76.6206896551724,10.5086207718685
2021-03-29,51.0716000366211,46.3804002380371,42.21,57.43,52.92,19.090000038147
2021-03-30,52.5404170354207,50.6129169464111,30.96,67.6,49.8333333333333,8.37250007192294
2021-03-31,57.3416666984558,56.4237496058146,44.83,70.21,77.5833333333333,8.65083330869675
2021-04-01,50.0961542863112,45.1030769348145,39.6,61.03,73.7692307692308,16.3615384285267
2021-04-02,36.9420831203461,27.2137501239777,27.61,45.79,42.25,17.6358333428701
2021-04-03,40.8166664441427,34.6045834223429,25.02,54.99,32.1666666666667,10.2383333444595
2021-04-04,53.5812503496806,50.4491669336955,39.29,68.97,38.4583333333333,9.67583334445953
2021-04-05,58.3237503369649,55.2899996439616,41.29,70.48,33.2916666666667,14.9308334390322
2021-04-06,61.0783336957296,58.1549997329712,40.86,73.18,25.2916666666667,12.1741666595141
2021-04-07,60.0495831171672,57.4762500127157,46.94,72.48,36.625,5.36250001192093
2021-04-08,59.2683334350586,57.4725001653036,42.31,73.94,54.5,7.6095833381017
2021-04-09,54.946666876475,53.6158332824707,44.94,63.99,73.125,6.62208334604899
2021-04-10,57.6946157308725,56.9546158130352,49.91,74.21,80.6153846153846,7.11461542202876
2021-04-11,60.5932259098176,60.5567738932948,53.29,68.68,89.4838709677419,9.69967738274605
2021-04-12,48.496332804362,43.7706666310628,45.61,53.85,88.6666666666667,13.8019998868306
2021-04-13,51.2109996795654,48.4120000203451,43.92,67.48,75.4,6.8160000483195
2021-04-14,56.6512500445048,55.1537497838338,43.95,68.22,72.7083333333333,7.5004166662693
2021-04-15,57.5604168574015,56.6825002034505,51.94,67.19,77.9583333333333,8.55291666587194
2021-04-16,49.571249961853,45.0841670036316,39.43,58.37,56.25,15.2745834986369
2021-04-17,50.9062503178914,47.2550002733866,39.94,58.01,58.4166666666667,11.3387500246366
2021-04-18,55.9325003623962,53.6695833206177,44.96,64.98,53.375,7.60708332061768
2021-04-19,57.1141664187113,55.4983331362406,41.97,65.68,61.875,5.98000002900759
2021-04-20,60.1966665585836,58.5837497711182,42.94,77.18,60.375,11.2966667612394
2021-04-21,59.062799987793,56.7703997802734,45.28,74.03,56.4,16.0480000686645
2021-04-22,42.570416132609,34.2562503019969,33.19,50.49,42.8333333333333,19.1241667668025
2021-04-23,48.7195835113525,43.4504164854685,33.19,64.62,39.4583333333333,14.6133334239324
2021-04-24,58.2424995104472,55.9295832316081,39.96,70.97,43.0416666666667,8.47000004847845
2021-04-25,55.6734616206243,53.3288461245023,47.08,65.95,69.0384615384615,10.8650000645564
2021-04-26,54.0008339881897,50.0599997838338,41.29,63.77,42.5833333333333,14.6254166165988
2021-04-27,60.2950005531311,58.0870836575826,39.06,79.48,43.125,6.39833345015844
2021-04-28,73.1004168192546,72.3387502034505,53.83,88.99,55.4166666666667,9.23291666309039
2021-04-29,74.0554164250692,74.2312498092651,62.28,82,66.2916666666667,8.65208332737287
2021-04-30,66.1881473682545,65.4422216062193,56.79,76.08,62.4444444444444,22.7455555951154
2021-05-01,54.5037500063578,49.7099995613098,42.62,69.19,37.8333333333333,18.4008334477743
2021-05-02,66.3666667938232,64.372083346049,49.28,86.09,39.4166666666667,12.3495833675067
2021-05-03,67.8474998474121,67.2095837593079,58.28,79.03,61.25,7.93999998768171
2021-05-04,64.4753124713898,64.6796875,55.06,83.57,83.71875,7.07406248152256
2021-05-05,63.3555172887342,63.3337932455129,55.63,77.76,83.8965517241379,8.45655169980279
2021-05-06,58.3874999682109,56.4495832125346,47.16,67.98,53.6666666666667,12.3362500667572
2021-05-07,59.095000743866,56.6845835049947,42.66,70.97,42.125,7.22125009695689
2021-05-08,53.3196002197266,51.2612001037598,45.97,59.81,71.96,10.4851999282837
2021-05-09,51.5124999682109,48.9941662152608,41.22,60.71,66.5,8.45458336671193
2021-05-10,55.3416663805644,53.8895835876465,48.42,63.68,70.5,11.6745833158493
2021-05-11,57.9775007565816,55.8279164632161,40.32,67.98,50.0416666666667,9.66958347956339
2021-05-12,57.3454163869222,54.5775000254313,43.29,70.68,40.9583333333333,11.7712499499321
2021-05-13,60.7812495231628,58.2708330154419,42.3,73.98,36.0416666666667,8.21916671593984
2021-05-14,64.2249999046326,62.2149996757507,44.46,77.09,39.7916666666667,5.74999999006589
2021-05-15,64.5670835177104,62.9762500127157,46.27,79.97,47.9166666666667,6.43375005324682
2021-05-16,63.7462499936422,62.0312503178914,46.98,74.21,47,5.8045834004879
2021-05-17,65.6837504704793,64.3912499745687,45.54,79.79,51.875,6.38333332538605
2021-05-18,68.840833346049,67.7891672452291,47.97,83.48,49.4166666666667,8.18875008821487
2021-05-19,74.3733331362406,72.9904168446859,52.29,90.99,46.875,7.37708334128062
2021-05-20,73.6666669845581,72.7341663042704,57.43,85.96,46.7083333333333,7.16750005880992
2021-05-21,70.4654161135356,69.0145829518636,50.99,86.95,44.9583333333333,6.01583328843117
2021-05-22,76.8529173533122,76.067499478658,58.17,92.98,48.5833333333333,8.93833335240682
2021-05-23,82.214999516805,82.5220839182536,69.3,92.98,48.0833333333333,11.0275000333786
2021-05-24,70.259999593099,69.7595828374227,61.03,89.49,56.25,12.5620834032694
2021-05-25,64.700833161672,63.7375001907349,56.97,76.95,60.9583333333333,7.52541667222977
2021-05-26,73.51,74.9319998168945,59.97,92.21,74.08,9.29960006713867
2021-05-27,74.3838456960825,74.6973078801082,64.18,85.98,70.1153846153846,9.9046153655419
2021-05-28,65.1584005737305,64.1884002685547,53.83,78.98,59.88,13.3040000915527
2021-05-29,50.2964707542868,46.9205876518698,47.08,55.29,90.1764705882353,16.1797061807969
2021-05-30,48.6630004882812,44.1089998881022,45.79,52.97,89.7666666666667,13.4256667137146
2021-05-31,58.4237505594889,57.107083161672,47.61,76.68,70.5833333333333,9.49458334843318
2021-06-01,66.9241663614909,66.3237498601278,50.18,79.97,64,6.84125006198883
2021-06-02,69.7608337402344,69.4775004386902,56.17,81.21,64.1666666666667,6.73708341519038
2021-06-03,69.3732144492013,69.6339285714286,60.1,82.69,77.5357142857143,6.14964287621634
2021-06-04,72.9044443766276,73.9829624317311,67.96,83.95,82.3703703703704,8.42185186456751
2021-06-05,77.6475006739299,78.7345835367839,61.18,94.98,69.9583333333333,9.03166673580805
2021-06-06,83.526250521342,85.8358329137166,65.17,96.69,59.1666666666667,8.48083328207334
2021-06-07,83.7829157511393,87.5512488683065,69.19,95.95,65.1666666666667,7.96916673580805
2021-06-08,79.9003576551165,83.2157151358468,71.83,92.68,77.7857142857143,6.85214289597103
2021-06-09,78.3470834096273,81.8158330917358,68.29,92.98,80.0416666666667,5.61500003933907
2021-06-10,77.5966672897339,78.0254173278809,68.18,86.97,66.6666666666667,10.3041668832302
2021-06-11,65.3480004882812,65.0720004272461,59.61,74.21,74.2,12.2443999862671
2021-06-12,69.1162494023641,69.2933333714803,61.61,80.69,75.8333333333333,8.39208324750265
2021-06-13,70.5479162534078,70.6720836957296,59.95,81.97,71.7083333333333,6.39708338181178
2021-06-14,73.0841668446859,73.9645840326945,63.91,85.68,71.125,8.12416670719782
2021-06-15,71.8551856146918,72.2437049018012,63.09,82.18,74.1481481481482,9.24296311095909
2021-06-16,72.2604169845581,71.7166665395101,58.96,81.99,51.2916666666667,11.077083269755
2021-06-17,69.7345835367839,68.4537502924601,51.3,80.98,41.7083333333333,8.44500001271566
2021-06-18,72.1904171307882,71.2183329264323,52.97,86.68,51.5416666666667,8.91833339134852
2021-06-19,76.8855996704102,78.263600769043,65.08,91.69,68.12,9.22799993515015
2021-06-20,77.4404169718425,79.6391661961873,62.19,92.68,72.0833333333333,6.80708338816961
2021-06-21,81.2637500762939,85.2291663487752,71.96,92.68,74.125,9.49166683355967
2021-06-22,70.9799999660916,71.8148148148148,63.61,84.43,85.8888888888889,10.9577778710259
2021-06-23,66.1916666030884,65.3083333969116,49.17,79.99,59.5,8.0087500611941
2021-06-24,69.5445834795634,69.0387500127157,52.92,81.95,58.0416666666667,6.59250008066495
2021-06-25,70.2437496185303,69.7254163424174,51.96,85.21,59.0833333333333,5.71541671951612
2021-06-26,76.1896424974714,78.4817867279053,67.91,88.95,78.3214285714286,9.83107154709952
2021-06-27,80.9816668828328,84.4108333587646,72.05,91.98,74.375,11.1266667445501
2021-06-28,83.5079170862834,88.2620830535889,70.97,95.97,68.7083333333333,10.74083340168
2021-06-29,85.2299992243449,90.504999478658,72.97,97.99,65.9583333333333,11.5095833937327
2021-06-30,87.1870829264323,93.6683330535889,73.18,98.98,64.3333333333333,10.8866666555405
2021-07-01,79.1080771226149,81.7161542452299,68.97,92.98,75.7307692307692,8.38653856057387
2021-07-02,72.5707149505615,73.6507140568325,67.17,81.77,87.7142857142857,6.1314286163875
2021-07-03,67.8992593553331,68.1622218379268,60.19,75.29,80.2222222222222,7.84407409032186
2021-07-04,70.0004008483887,70.3844009399414,57.96,83.95,78.04,5.68480002403259
2021-07-05,76.8379998779297,78.0575994873047,61.18,90.99,71.28,5.8076000213623
2021-07-06,82.3408336639404,86.7470842997233,69.91,94.77,67.5833333333333,11.0275000333786
2021-07-07,85.5533336003621,91.6520830790202,70.03,97.97,67.7083333333333,8.66833328207334
2021-07-08,82.9219234173114,87.8488458486704,71.19,91.94,71.4615384615385,8.7819230739887
2021-07-09,78.2943994140625,80.9615994262695,69.1,89.69,76.48,12.1524000930786
2021-07-10,78.0987497965495,79.565416653951,67.17,87.98,70.9583333333333,8.63458331425985
2021-07-11,78.8083333969116,81.3062499364217,67.28,90.95,73.7916666666667,6.88541674613953
2021-07-12,82.3744447496202,87.4414808485243,73.18,94.68,77.2962962962963,8.81333340538873
2021-07-13,77.8441667556763,81.8225002288818,71.1,89.96,87.125,8.21750007073084
2021-07-14,81.2833344141642,84.8987496693929,71.01,93.97,75.9166666666667,7.26458330949148
2021-07-15,83.4683335622152,87.9720834096273,70.18,94.95,70.5,5.46291675170263
2021-07-16,85.8129173914592,91.4033336639404,73.29,96.49,67.4166666666667,7.67708333333333
2021-07-17,86.6992597226743,94.6211107042101,73.29,97.95,68.8148148148148,7.756296299122
2021-07-18,76.6381479899089,78.2351856938115,70.92,86.95,79.1851851851852,10.9025926943179
2021-07-19,78.3270832697551,79.1337496439616,69.21,90.68,62.5833333333333,9.73833338419596
2021-07-20,81.2149998346965,83.3562507629395,66.29,91.69,64.625,6.19833341240883
2021-07-21,80.3385179307726,82.5200003164786,69.19,87.98,68.3333333333333,8.11666678499292
2021-07-22,74.4354168574015,74.4870831171672,60.22,84.96,60.9166666666667,8.11583337187767
2021-07-23,75.9154173533122,75.407083829244,59.29,86.99,52.875,7.62541665633519
2021-07-24,78.1891667048136,78.0600004196167,61.95,89.69,53.75,5.70041674375534
2021-07-25,78.0058336257935,80.5437498092651,66.18,88.99,69.3333333333333,10.7429166634878
2021-07-26,82.5879170099894,85.2666667302449,69.19,93.97,69.2083333333333,6.92041673262914
2021-07-27,84.5804163614909,86.2958339055379,67.98,95.99,53.0833333333333,5.78208338220914
2021-07-28,80.7795829772949,81.7604160308838,66.29,89.69,57.0416666666667,7.99666671951612
2021-07-29,75.5475997924805,77.0076007080078,64.96,83.68,79.64,8.21359996795654
2021-07-30,79.6545832951864,80.3666661580404,71.19,87.93,67.3333333333333,11.9416668017705
2021-07-31,72.5504167874654,71.8775002161662,57.43,82.98,50.125,8.15208337704341
2021-08-01,72.0416666666667,72.2170836130778,60.94,78.69,69.6666666666667,5.0425000389417
2021-08-02,70.7512504259745,70.816249370575,58.28,83.97,69.25,8.75041669607162
2021-08-03,72.9270830154419,72.6374994913737,59.61,82.8,57.0833333333333,5.70541671911875
2021-08-04,72.5399990081787,72.5762503941854,61.92,79.79,65.625,5.2133333782355
2021-08-05,74.1179165840149,74.1566665967305,58.96,88.77,66.0416666666667,7.00166668494542
2021-08-06,79.1550006866455,80.4845841725667,63.97,93.69,63.75,6.61250002185504
2021-08-07,78.6245829264323,79.9120820363363,63.97,90.68,64.9166666666667,7.49833331505458
2021-08-08,72.3562969631619,73.0811112015336,64.9,82.49,78.7037037037037,9.42000002331204
2021-08-09,77.9384002685547,79.916799621582,64.29,92.68,69.92,7.06120008468628
2021-08-10,79.2623076805702,83.5299999530499,70.18,92.97,79.6923076923077,7.83615387403048
2021-08-11,81.4300006103516,87.2344000244141,70.18,95.99,77.68,7.80160007476807
2021-08-12,82.8547998046875,87.9847994995117,71.29,98.49,73.92,8.88160009384155
2021-08-13,87.8545831044515,93.4379170735677,73.29,99.95,60.5833333333333,6.71708335479101
2021-08-14,84.2216660181681,88.4974997838338,73.18,93.94,65.6666666666667,9.06291663646698
2021-08-15,79.415415763855,79.3900000254313,67.6,88.99,50.9583333333333,10.211250046889
2021-08-16,76.7224998474121,77.6500005722046,67.17,85.78,70.0833333333333,6.46875006953875
2021-08-17,77.2566655476888,79.4574998219808,70.97,84.69,75.5,6.55749997496605
2021-08-18,80.149582862854,83.5679165522258,73.09,91.94,78.125,8.6775000890096
2021-08-19,82.23961522029,85.9546150794396,72.21,91.96,74.2307692307692,14.075000176063
2021-08-20,78.6516666412354,80.5129168828328,71.96,86.99,76.1666666666667,5.59833333889643
2021-08-21,77.4262504577637,79.322083791097,69.19,85.48,80.9166666666667,5.41333336631457
2021-08-22,75.1417868477958,76.3742847442627,70.97,82.18,87.5714285714286,8.1942857163293
2021-08-23,78.3599992949387,81.8562072227741,70.97,91.69,79.9310344827586,13.0941378494789
2021-08-24,82.5158332188924,85.7724994023641,68.18,94.96,70.0416666666667,8.53583335876465
2021-08-25,84.3125003178914,87.8933334350586,68.29,97.97,63.5,4.39166672031085
2021-08-26,84.2887500127157,90.1804161071777,70.18,95.99,70.9166666666667,6.47124995787938
2021-08-27,84.0468005371094,90.2608001708984,72.97,95.68,74.28,5.4768000793457
2021-08-28,74.952413361648,76.229999410695,68.61,82.8,85.7586206896552,8.56827594493998
2021-08-29,71.9024991989136,72.3975003560384,66.61,81.79,81.0416666666667,8.1537500222524
2021-08-30,79.9183999633789,83.8171994018555,71.96,91.92,78.64,6.07520007133484
2021-08-31,79.9083337783813,81.8820835749308,69.96,88.93,72.4166666666667,6.56333338220914
2021-09-01,74.3220003763835,75.3926658630371,67.91,83.21,84.2666666666667,10.3173333485921
2021-09-02,69.8907414189091,69.8781475490994,60.21,80.19,70.2222222222222,15.7725927564833
2021-09-03,67.9070833524068,67.3437501589457,54.28,76.95,62.7083333333333,9.39958335955938
2021-09-04,68.8199996948242,68.5187498728434,55.29,81.79,65.875,5.91375004251798
2021-09-05,70.3341668446859,70.7645832697551,58.96,77.18,78.5833333333333,6.7416667342186
2021-09-06,74.8007414076063,75.384073610659,68.18,85.98,74.4444444444444,9.03703709001894
2021-09-07,74.8187500635783,74.696249961853,57.96,85.95,57.75,6.27875003218651
2021-09-08,76.2383343378703,77.9079170227051,61.97,87.94,72,9.51458336909612
2021-09-09,71.3188009643555,72.1279995727539,66.29,79.03,84.6,6.94759999275208
2021-09-10,69.0124998092651,68.7595833142598,57.96,76.98,66.875,11.7470833857854
2021-09-11,69.5679173469543,69.1654167175293,53.83,80.98,61.2083333333333,6.9516666730245
2021-09-12,73.2845834096273,73.8125009536743,61.18,86.97,68.0416666666667,10.9354167381922
2021-09-13,79.0633328755697,81.2862491607666,67.17,89.96,69.375,9.63833334048589
2021-09-14,79.4299999872843,82.3333339691162,66.43,89.19,72.9583333333333,4.7166666885217
2021-09-15,79.4920838673909,81.7220834096273,69.19,90.68,72.6666666666667,8.92875011761983
2021-09-16,75.0075994873047,76.0119998168945,67.28,83.68,78.56,10.4496001434326
2021-09-17,73.0311537522536,74.0734619727502,69.91,78.49,85.9230769230769,9.22153843366183
2021-09-18,76.2075001398722,77.9241669972738,67.17,89.98,76.8333333333333,6.5958333214124
2021-09-19,74.6166664759318,74.5395835240682,61.77,82.96,58.3333333333333,9.40041665236155
2021-09-20,69.7554167111715,69.5829168955485,54.97,80.96,67.0416666666667,6.37666669487953
2021-09-21,69.9312494595845,70.1075002352397,55.94,82.29,73.0833333333333,6.97500002384186
2021-09-22,75.2920831044515,76.9862499237061,67.96,84.94,80.375,9.65208335717519
2021-09-23,73.964074311433,74.8825920952691,64.96,81.21,83.1851851851852,11.9592593157733
2021-09-24,65.4828002929687,65.0524002075195,51.96,76.93,70.64,6.38360001564026
2021-09-25,66.6579167048136,65.8770831425985,52.03,79.99,60.75,4.54208338260651
2021-09-26,67.1458331743876,66.3258326848348,56.28,75.18,58.875,11.5591667890549
2021-09-27,68.4108335177104,67.6108333269755,53.94,82.96,56.3333333333333,10.2595833539963
2021-09-28,69.6412499745687,69.6458333333333,60.19,77.22,71.0833333333333,9.59125000238419
2021-09-29,63.9087992858887,62.8911996459961,52.77,71.96,61.48,11.4619999313354
2021-09-30,63.9929164250692,62.8708333969116,52.48,70.95,59.0416666666667,8.29291671514511
2021-10-01,60.3416663805644,58.958749294281,46.94,71.19,61.3333333333333,7.58000006278356
2021-10-02,64.45041624705,63.6912500063578,47.97,79.48,65.8333333333333,8.14958341916402
2021-10-03,69.6416668891907,70.2962497075399,55.29,84.96,77.9583333333333,5.22708336512248
2021-10-04,74.357084274292,75.4241669972738,65.28,83.95,77.625,6.72541668017705
2021-10-05,65.6784844831987,66.2445456764915,60.78,76.68,91.3939393939394,8.89636372074936
2021-10-06,66.2020835876465,66.4695831934611,61.92,72.68,84,6.28083338340123
2021-10-07,69.5220836003621,69.7916673024495,62.19,78.93,77.0416666666667,3.33250003059705
2021-10-08,69.2475001017253,69.4545836448669,55.96,81.93,76.4166666666667,3.98000005880992
2021-10-09,66.708332379659,66.8437498410543,60.78,71.98,80.0833333333333,10.7395833730698
2021-10-10,64.9228578295026,65.2685718536377,61.21,70.99,88.3571428571429,13.6450000490461
2021-10-11,65.6462502479553,65.767916838328,60.91,71.83,82.0833333333333,12.3962500890096
2021-10-12,65.1172003173828,65.2707995605469,58.6,70.95,83.88,7.44080001831055
2021-10-13,67.3308324813843,67.7383340199788,60.96,73.94,84.5416666666667,3.66583339373271
2021-10-14,69.1299997965495,69.343333085378,58.17,79.99,76.625,6.01000003019969
2021-10-15,71.8091661135356,72.0924997329712,57.43,85.17,69.0416666666667,4.29000001152356
2021-10-16,70.9866666793823,71.3645833333333,60.96,82.96,74.5,10.7995834549268
2021-10-17,57.8052000427246,56.5724000549316,48.29,62.94,69.92,12.8963999938965
2021-10-18,54.5766668319702,52.3212496439616,45.28,62.01,61.7916666666667,12.3241666952769
2021-10-19,56.2750002543131,53.5312501589457,43.03,70.93,57.375,11.124166727066
2021-10-20,64.0104166666667,62.9487501780192,51.91,78.93,60.3333333333333,10.6479166944822
2021-10-21,65.8241664568583,65.1262496312459,50.97,78.98,64.2083333333333,7.19500005245209
2021-10-22,64.4549997647603,63.7212498982747,56.48,69.98,66.3333333333333,9.11208337545395
2021-10-23,57.7016668319702,56.4395834604899,50.23,64.98,69.5416666666667,6.4654166996479
2021-10-24,53.9108331998189,52.687916914622,42.96,62.19,75.9583333333333,5.50249999761581
2021-10-25,65.1141665776571,64.9670828183492,52.77,78.22,77.4166666666667,7.81333335240682
2021-10-26,61.2899996893747,61.2717855998448,51.21,71.01,88.3571428571429,12.5364286558969
2021-10-27,57.6650001207987,56.4850002924601,47.91,66.97,77.625,15.0116668542226
2021-10-28,57.1666665077209,55.9158333142598,45.95,66.97,71.625,6.37875000635783
2021-10-29,55.3678572518485,54.4350001471383,50.61,61.21,81.5,18.4499999455043
2021-10-30,60.8042858668736,60.4989290237427,54.21,68.95,83.2857142857143,12.9617856570653
2021-10-31,57.3180767939641,56.7307690840501,49.17,64.22,84.6923076923077,8.95115386522733
2021-11-01,55.5879162152608,53.8833333651225,47.28,61.99,64.625,11.7520834207535
2021-11-02,49.7200001080831,46.7429164250692,42.96,55.29,65.625,6.99708337585131
2021-11-03,44.7916669845581,40.6287501653036,34.29,54.95,69.4583333333333,8.63250001271566
2021-11-04,45.0925000508626,42.0112501780192,32.23,53.98,55.375,5.55208338300387
2021-11-05,45.0549999872843,41.2429166634878,32.23,55.98,53.8333333333333,7.47333334883054
2021-11-06,45.7487500508626,42.9641663233439,32.23,56.98,57.7916666666667,5.83791668216387
2021-11-07,46.3891663551331,43.4183330535889,35.83,55.98,59.9583333333333,6.08958333730698
2021-11-08,53.4570835431417,50.9720834096273,40.89,68.97,53,7.67291675011317
2021-11-09,57.6095833778381,56.090416431427,43.03,72.99,63.875,6.23125006755193
2021-11-10,59.8400001525879,58.3516669273376,48.09,68.99,60.125,6.78958337505658
2021-11-11,55.0025002161662,53.1433335940043,42.69,66.97,57.2916666666667,6.55624999602636
2021-11-12,61.2520002746582,60.7376002502441,50.61,66.97,77.84,11.3016000366211
2021-11-13,50.9587499300639,48.5699998537699,39.43,63.95,71.7916666666667,8.64166668057442
2021-11-14,42.0133333206177,35.9658337434133,34.21,48.94,62.7916666666667,10.6950000127157
2021-11-15,44.2095837593079,38.965833346049,35.83,49.28,68.2916666666667,12.2158333063126
2021-11-16,42.1862500508626,35.9566667874654,31.95,51.98,56.0416666666667,11.2670834064484
2021-11-17,47.1733333269755,45.6062502861023,28.63,65.98,67.4166666666667,4.38458333412806
2021-11-18,58.4945831298828,57.3974995613098,45.48,72.99,71.5833333333333,8.72500010331472
2021-11-19,47.2187496821086,41.5904167493184,38.48,66.22,53.375,14.4345833063126
2021-11-20,41.1166666348775,37.4895832538605,30.43,48.99,58.25,6.16249998410543
2021-11-21,45.296250184377,43.6975000699361,35.83,53.8,73.6666666666667,3.65625005960464
2021-11-22,49.4416667620341,46.8666664759318,41.77,53.49,77.5833333333333,7.53916668891907
2021-11-23,37.6154166857402,30.346666653951,28.63,44.96,50.5833333333333,12.1070834596952
2021-11-24,38.1266667048136,33.0679168701172,27.61,48.92,54.6666666666667,7.10749995708466
2021-11-25,43.4079168637594,39.7691674232483,30.43,56.95,53.9166666666667,6.17125009497007
2021-11-26,45.7434617556058,40.5888461333055,37.63,50.99,65.8461538461538,12.5696152723753
2021-11-27,38.5391662915548,29.7229165236155,35.4,42.69,46.0416666666667,16.2550001144409
2021-11-28,40.1637498537699,36.4554165999095,33.19,53.49,58.5833333333333,5.70583336551984
2021-11-29,40.7012500762939,35.3766667842865,33.19,44.49,60.625,9.11416669686635
2021-11-30,37.5641665458679,32.5691669782003,26.83,43.95,61.9583333333333,6.6362500389417
2021-12-01,44.5199996630351,40.9216663042704,31.98,53.29,56.9166666666667,7.04458331068357
2021-12-02,49.9479168256124,47.7658333778381,40.91,60.69,71.6666666666667,7.90624999006589
2021-12-03,49.7187501589457,45.6479164759318,41.2,59.23,52.3333333333333,12.8008334040642
2021-12-04,43.5583332379659,41.2433334986369,38.17,48.97,58.125,4.44958340128263
2021-12-05,45.235416730245,42.0650002161662,32.23,53.98,51.0833333333333,5.89125002423922
2021-12-06,51.7795831362406,49.5362501144409,41.29,65.97,76.5,9.68958336114883
2021-12-07,41.607083161672,35.4466665585836,31.48,63.21,51.75,12.7537500460943
2021-12-08,37.4287501970927,35.2895832061768,30.96,42.96,55.4166666666667,3.37416669726372
2021-12-09,36.7891666889191,31.1795831521352,25.97,42.69,56.5,7.73041673501333
2021-12-10,41.1641664505005,38.5187501907349,29.95,51.94,63.5416666666667,4.14500005046527
2021-12-11,50.9800001382828,49.5968750715256,39.43,66.43,84.1875,9.11343750357628
2021-12-12,48.832500298818,43.9025004704793,39.96,67.21,50.9166666666667,14.7687500317891
2021-12-13,43.5412500699361,38.831666469574,32.99,55.99,46.7083333333333,8.63375000158946
2021-12-14,46.2850000063578,41.9574998219808,35.83,56.98,49.5,9.20916668574015
2021-12-15,46.4270833333333,44.1991669336955,34.03,57.09,58.2083333333333,5.57750003536542
2021-12-16,54.4304165840149,52.6983332633972,47.28,64.98,71.4583333333333,9.52875011165937
2021-12-17,56.9129166603088,54.6533330281576,48.29,61,49.9583333333333,11.0770834287008
2021-12-18,45.1118521513762,41.5422224821868,38.91,53.49,65.8148148148148,6.36592598314638
2021-12-19,42.8185714994158,37.5667860848563,33.19,48.94,75.8214285714286,10.2957144464765
2021-12-20,31.2804166475932,24.5245832602183,24.62,39.97,56.3333333333333,7.5925000111262
2021-12-21,35.0162500540415,30.9483333428701,25.03,43.68,62.9166666666667,4.99000004927317
2021-12-22,39.6378121376038,34.2043746113777,35.2,48.09,74,9.44843754917383
2021-12-23,33.6141665776571,25.5120832920074,26.49,40.28,47.875,10.6933333476384
2021-12-24,39.6345831553141,35.7587498029073,27.97,52.99,56.5833333333333,5.15958338975906
2021-12-25,44.9639284951346,42.6010713577271,37.63,58.96,79.2857142857143,5.46964286054884
2021-12-26,52.0196154667781,49.698846083421,42.06,57.09,70.3461538461538,9.14384607168344
2021-12-27,39.0516667366028,35.0379167397817,31.17,48.94,65,5.89791667461395
2021-12-28,41.0223074692946,37.0649997271024,34.29,48.09,80.1538461538462,6.4630769766294
2021-12-29,45.4704167048136,42.6783336003621,41.18,52.48,78.3333333333333,5.46291673183441
2021-12-30,46.6423334757487,44.9486665089925,43.03,53.98,88.9333333333333,3.80933341185252
2021-12-31,49.4108000183105,48.1275999450684,45.91,53.69,90.08,4.63440005302429
2022-01-01,52.8217953412961,52.1971799410306,48.96,57.22,93.7692307692308,2.65666671899649
2022-01-02,56.0923333485921,55.7569999694824,52.21,62.98,92.6333333333333,8.36399998664856
2022-01-03,34.5369234818679,25.2403844686655,27.09,53.49,70.2692307692308,14.7396154403687
2022-01-04,26.9616669813792,18.1987499793371,17.94,35.94,54.9166666666667,9.98208334048589
2022-01-05,34.2795830567678,29.2266665299733,20.95,46.63,78.1666666666667,6.82416665554047
2022-01-06,38.5262502034505,32.1529166698456,31.05,43.03,66.5,9.5404167175293
2022-01-07,30.5517240063898,21.1568964925306,25.18,36.68,71,12.5706896042002
2022-01-08,25.842499812444,16.7566667397817,18.61,34,50.4583333333333,10.2000000377496
2022-01-09,32.8212497234344,25.618749777476,20.95,42.69,69.7083333333333,9.17541678746541
2022-01-10,33.9370835622152,24.3020832538605,25.18,42.69,58.4166666666667,15.0079166889191
2022-01-11,22.913333495458,11.474166572094,16.29,28.29,42.4583333333333,13.8099999229113
2022-01-12,27.7620832920074,19.9425000349681,16.79,42.96,53.3333333333333,9.06416676441828
2022-01-13,37.2695833047231,35.9604166348775,26.83,49.89,62.9583333333333,2.17291671037674
2022-01-14,40.597083568573,33.865833123525,31.28,48.09,61.8333333333333,13.0391666094462
2022-01-15,21.3337499300639,9.38249997794628,12.43,34.95,38.6666666666667,14.8595834970474
2022-01-16,18.8116666078568,7.72624999036392,8.83,28.69,50.625,10.3600000540415
2022-01-17,38.9556665420532,29.4673336029053,26.62,50.22,84.1333333333333,19.1686666806539
2022-01-18,35.2958335876465,25.6170833110809,30.29,39.99,55.5,16.1116666793823
2022-01-19,37.3645832538605,31.0904165108999,24.96,51.98,58.4166666666667,10.3720834255219
2022-01-20,38.4915627837181,32.7062501311302,29.17,48.09,74.59375,8.95812506973743
2022-01-21,21.1845833063126,9.27499994635582,14.77,30.22,49.2916666666667,13.76291680336
2022-01-22,21.9470831155777,12.6004166603088,11.61,33.93,39.7916666666667,8.61750001708666
2022-01-23,29.1799998283386,22.7954167524974,19.63,40.68,49.4166666666667,6.60125000278155
2022-01-24,31.946249961853,25.7987500826518,23.18,37.29,62.75,6.75375000635783
2022-01-25,37.2408332824707,32.624166727066,29.17,44.69,66.7916666666667,6.38541673620542
2022-01-26,27.4950000445048,17.8124998807907,18.77,35.98,46.5833333333333,10.7916667461395
2022-01-27,25.4450000127157,20.019583384196,17.49,34.21,43.125,5.20958337187767
2022-01-28,30.8280770228459,26.1803847092849,23.95,36.21,68.4230769230769,5.19384622573853
2022-01-29,25.6333333795721,14.3733332951864,15.8,32.68,84.6969696969697,17.1218182534883
2022-01-30,18.0616665681203,6.39374999701977,8.19,28.29,48.7083333333333,12.4195834199587
2022-01-31,24.7566664218903,19.5362499157588,10.94,35.49,63.6666666666667,4.7441667219003
2022-02-01,28.1083333492279,20.3491665522257,13.6,39.29,64.4166666666667,7.8212500611941
2022-02-02,33.861600112915,30.2187999725342,21.61,46.29,82.64,4.05000003814697
2022-02-03,42.651841916536,41.3065787867496,35.19,51.98,93.2105263157895,2.75210531134354
2022-02-04,47.1579412572524,43.4597061381621,32.29,58.98,90.2352941176471,12.1185294600094
2022-02-05,28.3029166857402,17.0437500476837,22.77,34.03,64.4166666666667,15.633333325386
2022-02-06,25.5587495962779,18.4629166523616,16.03,38.95,50.125,6.44666667779287
2022-02-07,33.372666422526,27.9226666768392,26.83,38.68,83.2,6.11300007502238
2022-02-08,37.8064287730626,31.2753573826381,29.17,44.96,77.3928571428571,10.4410714762551
2022-02-09,37.7899998823802,33.5400002002716,25.03,54,52.2916666666667,6.38708340128263
2022-02-10,45.0595831871033,41.6912500063578,30.96,57.09,60.9166666666667,8.80750001470248
2022-02-11,47.8804168701172,46.0791662534078,28.63,62.49,45.4166666666667,6.63166669011116
2022-02-12,53.6625000635783,50.7483331362406,44.91,60.69,44.4166666666667,12.8512500524521
2022-02-13,35.2845236460368,30.1250000908261,30.18,51.98,79.7619047619048,7.1547619728815
2022-02-14,24.6391665935516,13.3945833643277,15.78,32.68,54.4166666666667,13.6191666523616
2022-02-15,25.3666665554047,17.3020834128062,12.43,34.18,43.3333333333333,7.52041673660278
2022-02-16,35.6062496503194,31.8837503592173,21.43,51.69,54.9583333333333,6.00000006953875
2022-02-17,53.7374998728434,51.4829169909159,40.89,68.22,68.2916666666667,10.6937500834465
2022-02-18,52.7388000488281,48.9612001800537,36.18,66.09,67.72,19.7439999389648
2022-02-19,33.8154165744781,25.5808335145315,25.03,43.99,49.0833333333333,12.9654166102409
2022-02-20,28.0145834287008,19.3537499507268,18.48,40.48,40.2083333333333,10.2470833261808
2022-02-21,40.4625004927317,35.3274997870127,26.83,60.69,55.25,6.69041669368744
2022-02-22,49.5312498410543,48.0191669464111,35.83,62.49,74.25,5.61250000198682
2022-02-23,61.9124999046326,61.2333329518636,56.21,72.48,73,14.2895834048589
2022-02-24,37.0304168065389,29.5583333969116,30.43,56.21,52.625,11.9404168128967
2022-02-25,35.5429029772359,28.5954837799072,29.17,50.22,80.8709677419355,10.097096866177
2022-02-26,33.9116666316986,28.0408331553141,25.77,41.94,51.7916666666667,7.96250003576279
2022-02-27,37.8116665681203,32.1279164155324,27.48,51.69,46.9166666666667,10.5033332804839
2022-02-28,37.6737498442332,31.3320832252502,28.18,48.09,38.0833333333333,9.6879167954127
2022-03-01,39.0570837656657,34.6325002511342,26.94,53.49,52.75,7.19249997536341
2022-03-02,48.4058335622152,45.0325002670288,32.61,57.9,55.0416666666667,8.02624994516373
2022-03-03,45.96333360672,40.4424997965495,38.61,52.95,51.9166666666667,12.0295833845933
2022-03-04,31.3212496439616,22.9916669130325,19.63,41.68,36.4583333333333,10.7258334358533
2022-03-05,39.4420834382375,36.4808334509532,25.03,54.99,53.9166666666667,5.37875003616015
2022-03-06,53.412799987793,52.3196000671387,40.08,70.21,73.36,7.86840010643005
2022-03-07,66.6449999809265,66.2066672643026,53.94,75.97,68.0416666666667,14.3362499078115
2022-03-08,49.7108335494995,44.0291667779287,39.78,73.29,47.5416666666667,18.0770834287008
2022-03-09,39.966363733465,34.4066666689786,35.78,46.29,74.6969696969697,8.91939395846743
2022-03-10,41.1175004641215,37.1941669782003,30.43,53.96,73.7083333333333,6.07000001271566
2022-03-11,45.3610719953264,43.7871431623186,30.43,61.95,67.9285714285714,4.17821430308478
2022-03-12,40.4427589548045,33.6734483981955,23.61,53.98,82.2758620689655,13.3444826685149
2022-03-13,27.2862499554952,15.7862499952316,20.21,37.69,47.7083333333333,17.5483334064484
2022-03-14,43.3925000826518,38.8312497138977,28.18,61.21,50.2916666666667,8.8087500333786
2022-03-15,52.6812499364217,49.4766667683919,34.99,69.91,50.4166666666667,8.12708338101705
2022-03-16,59.1024996439616,57.3024999300639,42.49,73.18,49.4583333333333,5.90500005086263
2022-03-17,52.2087502479553,50.3728120326996,45.91,61.99,82.21875,7.39500004798174
2022-03-18,58.6985716138567,58.1399996621268,50.2,75.94,82.3928571428571,5.86678574766432
2022-03-19,64.3050003051758,63.7445831298828,51.3,76.77,70.4166666666667,10.0733333726724
2022-03-20,57.3020004272461,55.7139999389648,48.29,71.83,63.4,11.3784000015259
2022-03-21,53.4800000190735,49.9545833269755,39.49,66.18,42.7083333333333,12.6591666936874
2022-03-22,55.8450001080831,52.8887495994568,42.62,62.98,36.9166666666667,8.96833342313766
2022-03-23,48.1241668065389,43.2408332824707,39.18,57.94,42.3333333333333,11.9900002082189
2022-03-24,46.8877144949777,41.8262855529785,40.6,54.39,91.0857142857143,12.5588572093419
2022-03-25,49.5734484442349,46.5927585733348,41.92,61.03,80.8965517241379,9.23000003551615
2022-03-26,51.1229166984558,47.5533336003621,45.21,55.29,51.5416666666667,13.9558335145315
2022-03-27,41.060000260671,32.9670834541321,35.19,46.99,53.4583333333333,16.2579167286555
2022-03-28,29.662083307902,18.1741667588552,22.17,37.29,38.6666666666667,17.597499926885
2022-03-29,30.9291664759318,20.7495833237966,23.18,43.29,39.8333333333333,14.6237502495448
2022-03-30,37.803333123525,33.9908335208893,25.03,49.48,39.9583333333333,5.10666674375534
2022-03-31,56.931666692098,55.9137500127157,41.61,70.21,69.625,11.4975000421206
2022-04-01,56.7508335113525,55.0179166793823,47.77,66.43,64.9583333333333,17.4562499125799
2022-04-02,46.1141665776571,40.4195833206177,36.77,56.21,41.2916666666667,11.7975001335144
2022-04-03,46.827083269755,44.2141668001811,39.18,57.09,69.5833333333333,7.88000005483627
2022-04-04,46.5304171244303,41.4483334223429,36.77,55.18,53.25,11.65166670084
2022-04-05,50.0429169336955,47.9724996884664,38.61,59.49,59.7083333333333,7.09000000357628
2022-04-06,49.0171429225377,44.7422855922154,45.93,55.29,90.0857142857143,13.5820001057216
2022-04-07,49.3829732327848,45.7686483022329,45.05,60.69,93.027027027027,12.1124324025335
2022-04-08,53.1885715212141,50.4464287076678,42.49,65.48,73,10.8267857347216
2022-04-09,50.610416730245,47.8991667429606,42.96,59.49,69.6666666666667,9.82333343227704
2022-04-10,47.5241667429606,42.310000260671,40.21,51.98,52.75,12.8045834898949
2022-04-11,49.7745831807454,45.6658331553141,32.29,64.96,46.2083333333333,9.66708338260651
2022-04-12,58.1787498792013,56.7741664250692,44.96,74.98,59.75,7.38791670401891
2022-04-13,67.2125007311503,66.5266664822896,50.97,83.95,60.2916666666667,6.66000006596247
2022-04-14,73.6645832061768,73.457083384196,62.62,85.95,58.2083333333333,11.6545835733414
2022-04-15,62.2604160308838,59.922916730245,45.61,71.94,36.875,10.1645834247271
2022-04-16,62.9954161643982,60.8545837402344,53.29,77.95,39.5416666666667,12.2245833476384
2022-04-17,50.2396158071665,46.677692266611,40.28,64.29,60.5,13.325384745231
2022-04-18,44.3304165204366,39.3208338419596,30.43,50.95,50.875,10.5508334636688
2022-04-19,43.5918750762939,35.5315625071526,37.62,52.95,76.5625,19.5118751227856
2022-04-20,48.05708360672,42.5645831425985,37.18,61.99,46.7916666666667,12.4204167127609
2022-04-21,54.0737495422363,51.6579167048136,39.9,65.95,54.6666666666667,8.76875012119611
2022-04-22,60.9795838991801,59.3570833206177,45.61,73.18,54.9166666666667,8.72375005483627
2022-04-23,59.3712499936422,56.9362500508626,48.18,66.97,41.0416666666667,6.76166671514511
2022-04-24,60.4362498919169,58.665416876475,48.29,74.48,52.875,9.68625007073084
2022-04-25,54.075833161672,51.7325000762939,44.83,63.99,68.7916666666667,10.5562500158946
2022-04-26,60.0279162724813,59.0299995740255,53.62,73.22,70.1666666666667,9.11083336671193
2022-04-27,53.900416692098,51.3574997584025,45.77,61.03,52.875,14.8575000862281
2022-04-28,46.7058334350586,40.1887498696645,36.18,59.61,40.2083333333333,19.5149999459585
2022-04-29,51.872500260671,47.6829168001811,34.18,65.93,22.8333333333333,13.1624999046326
2022-04-30,56.4024999936422,52.8175001144409,37.62,70.99,23.875,10.4045832951864
2022-05-01,58.8308329582214,56.8625000317891,43.77,74.17,45.2916666666667,5.92541674772898
2022-05-02,59.2273079798772,58.2688457782452,51.01,75.18,72.6923076923077,7.0780769769962
2022-05-03,62.0716663996379,61.3445839881897,52.61,75.96,71.5416666666667,8.77416676282883
2022-05-04,56.4212004089355,55.7051998901367,49.05,68.68,83.88,6.85840013504028
2022-05-05,65.0091667175293,64.3308339118958,56.17,76.17,66.3333333333333,7.76791669925054
2022-05-06,57.0929636072229,56.2418515240705,49.08,68.79,79.5185185185185,8.41481479892024
2022-05-07,49.0508824516745,43.4573530309341,44.78,52.21,90.1470588235294,18.9994116951438
2022-05-08,47.8720838228861,42.4041665395101,40.17,59.36,70,16.2566667397817
2022-05-09,57.3787500063578,54.1862498919169,43.77,71.83,33.5,13.808750073115
2022-05-10,61.7362496058146,58.7941668828328,48.18,74.77,25.2083333333333,15.5850001176198
2022-05-11,61.7262498537699,59.6458333333333,46.18,73.63,43.5416666666667,12.9483333230019
2022-05-12,64.4687498410543,64.0487497647603,52.18,76.77,73.0833333333333,9.49083332220713
2022-05-13,65.2615381387564,65.5734616793119,58.05,76.48,86.9615384615385,10.1803846726051
2022-05-14,66.1657686967116,66.8376921140231,62.1,70.79,92.6538461538462,6.50769230035635
2022-05-15,68.9212004089355,69.4991998291016,62.19,81.21,85.24,5.30800004959106
2022-05-16,70.7942302410419,71.2869233351487,62.06,80.49,79.4230769230769,8.63076928028694
2022-05-17,68.3062499364217,67.5933326085408,50.29,81.48,56.125,12.515000085036
2022-05-18,65.6558335622152,63.9908332824707,48.94,75.97,44.0416666666667,9.68833331267039
2022-05-19,63.1110715866089,62.758214541844,54.77,78.98,77.4285714285714,6.66142862183707
2022-05-20,71.4199996361366,71.9400005340576,57.09,88.95,77.8846153846154,6.68461548365079
2022-05-21,77.8828002929688,80.3116003417969,65.08,96.49,74.52,6.70160002708435
2022-05-22,82.440400390625,85.2916003417969,71.19,93.94,64.32,9.51719995498657
2022-05-23,70.5545835494995,70.0679170290629,57.78,79.95,58.6666666666667,12.1345834136009
2022-05-24,66.0243998718262,65.0691996765137,58.17,73.29,58.36,8.8228000831604
2022-05-25,64.1175006230672,63.0274998346964,51.19,78.19,59.5416666666667,8.72833335399628
2022-05-26,63.5654168128967,62.7120830217997,49.17,75.94,65.75,7.67166664203008
2022-05-27,68.9809989929199,69.6570002237956,64.78,80.49,86.7666666666667,8.81600003242493
2022-05-28,70.223200378418,70.7135995483398,63.28,79.03,80.2,9.37280004501343
2022-05-29,72.5166665712992,72.5445830027262,56.17,84.18,64.3333333333333,6.34791670242945
2022-05-30,76.8570833206177,78.0491663614909,58.95,91.49,64.8333333333333,6.80708333849907
2022-05-31,83.3070834477742,85.1933336257935,66.29,97.99,60.9166666666667,9.49541678031286
2022-06-01,78.889999071757,80.8900003433228,64.06,89.22,66.2916666666667,9.08208344380061
2022-06-02,71.6240743001302,72.7366667853461,61.18,86.97,79.4444444444444,8.54370373266715
2022-06-03,73.1757689255934,73.8050000117375,64.09,81.97,76.2692307692308,7.67653851325695
2022-06-04,74.8429168065389,73.8595838546753,55.94,87.19,47.75,6.85999998450279
2022-06-05,70.9037496248881,69.7362504005432,53.94,83.17,41.9166666666667,7.67250001430511
2022-06-06,71.9625000953674,70.8533329963684,52.99,83.95,43.2083333333333,6.7029166618983
2022-06-07,70.8279167811076,70.5987499554952,55.94,79.95,63.5416666666667,11.0075001517932
2022-06-08,76.2945836385091,77.3462498982747,66.78,88.93,71.1666666666667,8.875
2022-06-09,75.385714667184,76.3021425519671,66.09,83.28,73.1428571428571,11.8757142680032
2022-06-10,71.9800003369649,71.4666662216187,55.18,82.18,53.5833333333333,10.5483333269755
2022-06-11,70.722500483195,70.5883331298828,60.19,78.69,65.8333333333333,5.26708341638247
2022-06-12,67.9357144492013,68.2810711179461,58.48,81.97,81.8571428571429,5.48892856495721
2022-06-13,77.4024998346965,80.1999998092651,65.17,91.49,77.4166666666667,6.63875004649162
2022-06-14,75.6668005371094,76.0800003051758,62.78,86.77,64.16,7.15319997787476
2022-06-15,76.5145826339722,77.0554161071777,59.95,90.48,64.125,5.81041669845581
2022-06-16,70.1221422467913,70.5282137734549,63.61,79.97,78.6071428571429,8.52714288234711
2022-06-17,80.0879170099894,82.2104164759318,69.06,95.18,68.7083333333333,11.2395834326744
2022-06-18,72.7974996566772,72.2408336003621,65.05,86.23,52.2083333333333,14.7683332363764
2022-06-19,65.4637494087219,63.8129164377848,53.49,76.89,44.7083333333333,15.3454167842865
2022-06-20,69.3287494977315,67.880833307902,50.29,83.93,40.8333333333333,9.25333329041799
2022-06-21,71.8441665967305,71.3566676775614,55.96,82.49,55.2916666666667,5.9054166773955
2022-06-22,71.1587495803833,71.4454164505005,61.97,77.99,73.8333333333333,8.63625005880992
2022-06-23,66.6288888719347,66.9755551373517,61.77,76.96,84.7407407407407,8.57111113159745
2022-06-24,71.5612500508626,72.3433329264323,58.17,86.18,76,6.03416668375333
2022-06-25,78.8229166666667,80.537499109904,62.19,92.98,68.0416666666667,8.05874995390574
2022-06-26,80.7462501525879,82.0524994532267,66.18,92.17,63.2083333333333,10.6441667079926
2022-06-27,76.4503848736103,77.4069231473483,71.78,84.43,77.5,9.48538463849288
2022-06-28,72.691250483195,72.7683331171672,60.19,83.68,64.5,7.51458332935969
2022-06-29,75.5208333333333,75.7679173151652,57.96,88.79,61.75,6.74500007430712
2022-06-30,79.7587502797445,80.3891671498616,61.97,92.97,60.875,6.92999996741613
2022-07-01,81.0220829645793,84.6754159927368,66.18,94.48,71.125,9.59166673819224
2022-07-02,82.6383333206177,87.1275005340576,74.77,94.68,71.7916666666667,10.9474999904633
2022-07-03,79.4336001586914,80.400400390625,70.29,92.77,70.32,8.84080001831055
2022-07-04,79.259583791097,78.6320835749308,61.29,89.92,46.7916666666667,8.22541671991348
2022-07-05,77.9774996439616,79.5050007502238,65.17,89.94,66,9.80000009139379
2022-07-06,80.3404169082642,83.9487498601278,71.19,91.29,76.5833333333333,8.3658332824707
2022-07-07,76.121033767174,77.6848273441709,67.96,84.09,78.8275862068966,7.77655177280821
2022-07-08,76.0658330917358,78.490416208903,63.18,89.49,78.5833333333333,5.83666666348775
2022-07-09,75.3208332061768,76.6004161834717,69.78,84.43,80.875,6.70666671792666
2022-07-10,74.3070824940999,75.1320832570394,61.18,84.49,72.5416666666667,5.54833340644836
2022-07-11,74.6308336257935,74.8079166412354,57.96,87.8,65.2916666666667,6.06250000993411
2022-07-12,78.0529171625773,80.8812487920125,65.17,93.09,71.9166666666667,11.8450001080831
2022-07-13,80.9754165013631,82.6129169464111,66.18,93.49,65.6666666666667,9.30291668574015
2022-07-14,82.802500406901,84.7733329137166,69.19,93.18,61.4583333333333,7.26291672388713
2022-07-15,79.2741664250692,79.9333330790202,65.95,89.69,58.3333333333333,7.24500002463659
2022-07-16,78.3727993774414,80.3211990356445,69.19,90.95,75.12,6.47520005226135
2022-07-17,78.0520830154419,80.8629163106283,67.17,89.1,78.0833333333333,5.91666667660077
2022-07-18,82.5858325958252,88.0966660181681,73.18,93.22,76.75,9.4766667286555
2022-07-19,82.0412499109904,84.5541667938232,71.19,94.08,69.875,11.6016667286555
2022-07-20,85.5308335622152,89.6345828374227,69.3,98.94,62.0416666666667,9.11333332459132
2022-07-21,86.8168002319336,93.7764004516602,74.97,97.77,66.56,10.601600151062
2022-07-22,87.1174993515015,90.4533332188924,72.18,98.92,58.6666666666667,10.28125
2022-07-23,88.0745830535889,91.841667175293,72.18,100.18,56.7083333333333,8.87083331743876
2022-07-24,87.6833337148031,91.6716661453247,70.29,100.94,57.3333333333333,9.92416675885518
2022-07-25,85.4776000976563,93.7891998291016,78.96,91.99,70.92,13.351600112915
2022-07-26,77.7133334477742,79.1633335749308,69.94,86.23,69.125,8.61375002066294
2022-07-27,79.5145839055379,81.4266668955485,70.18,89.94,65.9166666666667,6.48833335439364
2022-07-28,83.4074999491374,88.3304166793823,72.77,93.69,73.0833333333333,8.22375006477038
2022-07-29,79.3475997924805,82.2660000610352,68.29,89.49,77.56,9.16159994125366
2022-07-30,80.0383335749308,80.5620838801066,68.29,90.93,63.7083333333333,9.78250004847845
2022-07-31,81.134583791097,81.9979174931844,64.96,91.94,57.2916666666667,6.44041669368744
2022-08-01,72.0940010070801,73.0290003458659,66.15,84.99,86.5333333333333,6.94466663996379
2022-08-02,80.3208332061768,83.4091669718425,67.28,93.92,73.5416666666667,8.49125000834465
2022-08-03,83.3054161071777,85.1324987411499,67.6,93.92,56.75,8.23708338538806
2022-08-04,84.8854166666667,90.4133329391479,68.29,98.19,66.25,7.71250000596046
2022-08-05,80.8967999267578,85.0816003417969,69.96,94.17,75.56,9.39160005569458
2022-08-06,81.8668008422852,86.7012005615234,70.97,91.69,75.32,9.87360006332398
2022-08-07,84.6075013478597,90.4850002924601,74.97,95.22,72.7916666666667,12.8529167572657
2022-08-08,85.7262493769328,92.8958326975505,75.96,96.94,71.4166666666667,12.7554168303808
2022-08-09,87.5676000976563,97.4716009521484,77.77,99.93,70.44,11.738800163269
2022-08-10,83.3600000234751,87.5173072814941,73.18,92.68,72.8461538461538,7.38846158064329
2022-08-11,80.6870365849248,83.0025934290003,71.78,91.96,73.1851851851852,7.64370376975448
2022-08-12,79.8000001907349,79.6208340326945,69.3,87.78,49.1666666666667,11.4612499872843
2022-08-13,74.782917658488,73.7554165522258,58.6,86.49,43.0833333333333,10.4970833361149
2022-08-14,74.7458333969116,74.464999516805,61.18,87.49,58.5,5.81958334644635
2022-08-15,74.9979165395101,74.9420830408732,62.94,85.48,58.875,7.11750004688899
2022-08-16,74.3287502924601,74.0745836893717,60.22,85.95,56.5416666666667,9.06333345174789
2022-08-17,74.9616673787435,75.1041673024495,60.96,84.29,61.3333333333333,5.06666669249535
2022-08-18,75.3612499237061,75.3524996439616,59.29,88.95,61.9583333333333,8.3924999833107
2022-08-19,79.8375005722046,80.3029168446859,62.96,93.94,56.6666666666667,7.43208330869675
2022-08-20,82.0362497965495,83.5537503560384,68.18,95.18,61.875,7.39333340525627
2022-08-21,78.0450000762939,79.6895831425985,64.96,87.94,73.6666666666667,4.97791668772697
2022-08-22,77.7536004638672,80.6248001098633,70.18,88.18,82.96,5.8391999912262
2022-08-23,76.4695841471354,78.1454165776571,66.49,88.03,78.4583333333333,6.81416669487953
2022-08-24,79.9770835240682,80.941250483195,64.96,91.18,63.25,7.52166665593783
2022-08-25,81.1383333206177,81.7699998219808,65.61,93.96,55.6666666666667,6.3245833615462
2022-08-26,82.2425003051758,84.875,69.19,93.09,67.2916666666667,9.39416668812434
2022-08-27,82.1912508010864,84.1308339436849,68.18,92.79,64.0833333333333,7.79041667779287
2022-08-28,79.7308327356974,83.1987504959106,69.3,90.79,76.9166666666667,8.96000002821287
2022-08-29,80.7770840326945,83.7899996439616,70.18,93.96,76.9166666666667,6.413333406051
2022-08-30,82.2004165649414,86.2200002670288,73.18,94.21,75,9.26625002423922
2022-08-31,76.8665381211501,77.6403840871958,66.18,86.18,73.1538461538462,8.75961549465473
2022-09-01,77.7029164632161,77.4316673278809,62.96,89.49,53.0416666666667,9.97583333651225
2022-09-02,74.58083375295,74.0220836003621,59.61,85.96,49.75,8.44000005722046
2022-09-03,74.8183329900106,75.925417582194,60.96,88.48,73,5.89624998966853
2022-09-04,78.6062507629395,80.7912502288818,64.94,91.96,72.75,7.19500005245209
2022-09-05,79.4624993006388,81.126667658488,66.96,90.95,68.2083333333333,7.60000004371007
2022-09-06,73.0186673482259,74.1576667785644,66.9,82.63,89.1333333333333,8.34300010999044
2022-09-07,69.7872006225586,70.6296002197266,66.06,73.98,88.6,9.82399997711182
2022-09-08,71.4637498855591,71.8545837402344,61.29,82.29,74.375,8.91958328088125
2022-09-09,72.2308336893717,72.2983338038127,58.28,85.78,67.5416666666667,6.09000007311503
2022-09-10,72.1474994023641,72.5770835876465,57.29,84.94,71.125,4.10083339611689
2022-09-11,72.2014812893338,73.0877773143627,66.96,79.16,84.4074074074074,4.73518514633179
2022-09-12,76.4624996185303,79.2612501780192,69.8,87.15,85.8333333333333,4.05541670322418
2022-09-13,77.0329163869222,78.5720831553141,70.18,84.94,79,7.96958340207736
2022-09-14,71.8487501144409,71.6754166285197,57.22,82.18,60.75,10.693749944369
2022-09-15,71.2154169082642,70.9141661326091,61.97,77.18,61.2916666666667,9.8775001168251
2022-09-16,67.6374998092651,66.7812498410543,51.3,80.92,56.6666666666667,5.53666668136915
2022-09-17,72.444167137146,72.5249999364217,57.94,83.95,64.375,5.51041675607363
2022-09-18,73.1895831425985,73.6466677983602,59.95,85.17,71.2916666666667,9.78916666905085
2022-09-19,75.9166669845581,76.6583337783813,63.18,87.69,68.5833333333333,9.25666662057241
2022-09-20,74.741250038147,75.1466674804688,63.28,83.08,67.125,8.27125007907549
2022-09-21,73.7283334732056,73.8733326594035,58.28,84.92,64,6.61750008662542
2022-09-22,70.8225000699361,71.2612500190735,61.16,80.49,78.625,9.69250011444092
2022-09-23,59.5954170227051,57.7929164568583,51.15,67.96,53.9583333333333,16.5933335622152
2022-09-24,57.5916668574015,55.4579165776571,43.97,72.97,56.6666666666667,10.0200000405312
2022-09-25,64.1762495040894,63.7899998029073,53.29,76.95,74.375,7.94208333889643
2022-09-26,66.2708330154419,66.0295839309692,53.19,79.18,73,10.3924999634425
2022-09-27,65.7391664187113,64.5520826975505,52.29,73.94,54.0416666666667,10.8858334024747
2022-09-28,60.609165986379,59.2929169336955,46.94,70.95,62.1666666666667,9.44583332538605
2022-09-29,61.3870828946432,60.2520836194356,49.77,70.93,64.4166666666667,10.9854167699814
2022-09-30,58.1600000063578,56.9079167048136,49.78,64.29,68.75,10.2149999936422
2022-10-01,56.4771431514195,56.0925000054496,51.62,61.95,90.7857142857143,15.6164287158421
2022-10-02,55.8833333333333,55.5546672821045,49.91,60.69,93.2,14.1163333574931
2022-10-03,47.6483335494995,42.74458360672,43.18,52.03,88.625,12.5433334112167
2022-10-04,48.3905558056302,43.8677778244019,44.96,53.94,93.2777777777778,14.9313890404171
2022-10-05,55.7695997619629,55.4007995605469,49.77,62.83,92.64,12.1060000610352
2022-10-06,62.9570835431417,62.3945832252502,47.97,78.93,73.25,4.25208337108294
2022-10-07,65.9883337020874,65.5704166094462,51.96,79.18,69.8333333333333,7.14625004927317
2022-10-08,57.3833333651225,55.6895833015442,46.18,71.49,61,10.6433333555857
2022-10-09,52.7079164187113,49.676250298818,37.96,65.21,59.4583333333333,9.39625004927317
2022-10-10,56.6354165077209,55.1441669464111,42.69,71.19,60.75,5.70250004529953
2022-10-11,60.3537497520447,59.1616662343343,44.96,76.17,64.4583333333333,5.47041672468185
2022-10-12,61.0141666730245,60.0254171689351,48.43,72,68.3333333333333,5.3445833226045
2022-10-13,64.3920831680298,64.5083327293396,56.95,71.49,84.625,7.38791676362356
2022-10-14,59.549999943486,58.7407413058811,50.97,71.92,75.1851851851852,7.07296302583483
2022-10-15,60.420833269755,59.1387500762939,43.03,73.96,62.2083333333333,5.48958343267441
2022-10-16,59.8395835558573,58.6900000572205,46.63,71.19,67.375,3.8741666773955
2022-10-17,60.6600002712674,60.048518286811,53.19,69.94,77.1111111111111,7.7266667065797
2022-10-18,51.9724000549316,49.4287995910645,40.28,58.28,63.4,9.06920003890991
2022-10-19,47.2991665204366,43.167499701182,33.96,55.63,61.875,12.372500081857
2022-10-20,49.9083333015442,45.7058335940043,35.96,61.48,58.625,13.6220833857854
2022-10-21,53.7629168828328,51.7283336321513,37.63,67.17,60.5833333333333,4.89666673541069
2022-10-22,56.5587498346964,55.2870831489563,39.43,71.19,66.4583333333333,3.23541673024495
2022-10-23,57.3316666285197,56.3758333524068,48.29,64.69,76.875,8.82208335399628
2022-10-24,56.1146428244455,55.777857371739,52.77,61.03,92.6071428571429,10.6067857401712
2022-10-25,62.5559456283982,62.9413510915395,58.17,71.94,94.2432432432432,4.00243248810639
2022-10-26,64.6699993133545,65.2486668904622,60.91,69.94,93.9,7.09866666793823
2022-10-27,59.6616667111715,58.6254162788391,50.95,65.93,70.1666666666667,11.3654167254766
2022-10-28,51.6424999237061,48.7612498601278,41.61,59.18,61.8333333333333,10.1066666543484
2022-10-29,51.4916666348775,48.7208334604899,39.43,61.93,62.5833333333333,7.65958332022031
2022-10-30,52.8083327611287,51.1062498092651,39.09,66.18,64.1666666666667,2.98375003536542
2022-10-31,55.6874996821086,55.1279164950053,44.83,66.22,85.125,3.69416668017705
2022-11-01,61.4279306345973,61.3893099817736,56.28,73.63,87.6551724137931,5.4565517820161
