Country name,year,Happiness Rating,Log GDP per capita,Social support,Healthy life expectancy at birth,Freedom to make life choices,Generosity,Perceptions of corruption
Namibia,2018,4.834087849,9.236609459,0.864214778,55.72499847,0.75390476,-0.174188748,0.845942497
Namibia,2019,4.435811043,9.211297989,0.844592154,56.09999847,0.739034534,-0.179359481,0.879070699
Namibia,2020,4.451010227,9.110319138,0.740570307,56.47499847,0.665681958,-0.107202545,0.810354829
Namibia,2021,4.491207123,9.120174408,0.80780077,56.84999847,0.658505261,-0.149577275,0.828966737
Namibia,2022,4.948962688,9.131615639,0.807958961,57.22499847,0.6825279,-0.119649537,0.848729193
Switzerland,2018,7.508586884,11.16419792,0.930290997,72.30000305,0.926414549,0.094202042,0.301259965
Switzerland,2019,7.69422102,11.16841984,0.948512852,72.5,0.913166702,0.029311452,0.293700755
Switzerland,2020,7.508435249,11.13707161,0.946316481,72.69999695,0.917343259,-0.072107695,0.280367136
Switzerland,2021,7.327672482,11.17089748,0.934393048,72.90000153,0.907875359,0.024104627,0.286672562
Switzerland,2022,6.883844376,11.18412018,0.880787432,73.09999847,0.848361075,0.128131226,0.234620094
Ukraine,2018,4.661909103,9.420351982,0.900936723,64.17500305,0.663055062,-0.077508025,0.942960739
Ukraine,2019,4.701762199,9.457587242,0.88272649,64.30000305,0.715311766,-0.084162027,0.885004938
Ukraine,2020,5.269675732,9.42607975,0.884686291,64.42500305,0.784273446,0.123323813,0.945668995
Ukraine,2021,5.311355114,9.46835804,0.879308522,64.55000305,0.769904315,0.16855143,0.922350943
Ukraine,2022,4.63743639,9.049329758,0.863068104,64.67500305,0.829034388,0.427582234,0.851863027
Tanzania,2018,3.445023298,7.828423023,0.6753304,58.04999924,0.807142138,0.153607219,0.611534059
Tanzania,2019,3.640154839,7.85463953,0.687267542,58.5,0.850132525,0.100826584,0.589293599
Tanzania,2020,3.785684109,7.844321728,0.739817083,58.95000076,0.830343485,0.296098918,0.520631671
Tanzania,2021,3.68056798,7.856203079,0.618984401,59.40000153,0.821772814,0.113438092,0.546387076
Tanzania,2022,3.615845203,7.871555328,0.600180984,59.84999847,0.856139898,0.136041611,0.584417045
Bulgaria,2018,5.098813534,10.00830364,0.923853278,66.19999695,0.724335909,-0.179910451,0.952014446
Bulgaria,2019,5.108438015,10.05492973,0.948204398,66.30000305,0.821929872,-0.112818673,0.942806482
Bulgaria,2020,5.597723007,10.02054119,0.916242361,66.40000153,0.818224788,-0.010106544,0.900632977
Bulgaria,2021,5.421693325,10.10226154,0.883621037,66.5,0.841188073,-0.015801253,0.891248465
Bulgaria,2022,5.378348827,10.13758183,0.952761054,66.59999847,0.741359413,-0.145212695,0.941625774
France,2018,6.665903568,10.71986866,0.921463072,72,0.816377223,-0.14162302,0.581775308
France,2019,6.689644337,10.73471642,0.958348095,72.09999847,0.827240825,-0.137017593,0.568272293
France,2020,6.714111805,10.65096092,0.947354019,72.19999695,0.823386312,-0.173693419,0.564640582
France,2021,6.656206608,10.71426487,0.914597511,72.30000305,0.836917698,-0.102300741,0.56081295
France,2022,6.613806725,10.7368784,0.865514636,72.40000153,0.798249364,-0.024987714,0.532776713
Vietnam,2018,5.295547009,9.173262596,0.83194524,65.19999695,0.909259796,-0.06076809,0.808422983
Vietnam,2019,5.467451096,9.235228539,0.847592115,65.30000305,0.95246917,-0.145854294,0.787889242
Vietnam,2020,5.462341785,9.254416466,0.764509618,65.40000153,0.944707036,0.065848432,0.791133821
Vietnam,2021,5.540249825,9.271267891,0.799493909,65.5,0.896800399,0.106941305,0.797787547
Vietnam,2022,6.266508579,9.332854271,0.878744006,65.59999847,0.975405157,-0.178986996,0.703422904
Sweden,2018,7.374792099,10.86569405,0.93067956,71.77500153,0.941724658,0.07340049,0.262796581
Sweden,2019,7.398092747,10.87522411,0.93364507,71.90000153,0.941515207,0.08712472,0.250087917
Sweden,2020,7.314341068,10.84605598,0.93558234,72.02500153,0.951181591,0.085886888,0.203440145
Sweden,2021,7.439280033,10.88955498,0.931819558,72.15000153,0.953379214,0.174091205,0.191473097
Sweden,2022,7.431214333,10.91266155,0.949338436,72.27500153,0.939461946,0.234011218,0.213236347
Poland,2018,6.111485004,10.36530972,0.863444209,68.52500153,0.870215118,-0.258324355,0.720451355
Poland,2019,6.24209404,10.40909195,0.878268242,68.69999695,0.882885754,-0.234856516,0.696057379
Poland,2020,6.139455318,10.39043522,0.95317173,68.875,0.767428696,-0.011896272,0.786873639
Poland,2021,5.978068829,10.46068668,0.935534835,69.05000305,0.731805563,0.123874821,0.743913174
Poland,2022,6.666265011,10.50880241,0.886446774,69.22499847,0.800018609,-0.206587344,0.667024732
Ireland,2018,6.962335587,11.33068848,0.937862396,71,0.861471593,0.139545679,0.362210244
Ireland,2019,7.254841328,11.36999321,0.943726361,71.09999847,0.892458677,0.068902165,0.372803569
Ireland,2020,7.034930706,11.41971016,0.960311055,71.19999695,0.882098258,0.002064911,0.355632722
Ireland,2021,6.827651978,11.53758144,0.849838138,71.30000305,0.846344113,0.132696584,0.360423386
Ireland,2022,6.869863987,11.62491417,0.906079292,71.40000153,0.895009518,0.140264258,0.357812256
Costa Rica,2018,7.141074657,9.928339958,0.875872433,70,0.941888332,-0.114396922,0.781301796
Costa Rica,2019,6.997618675,9.943575859,0.906077445,70,0.926830113,-0.153729483,0.835628331
Costa Rica,2020,6.338472366,9.894665718,0.834199548,70,0.889399767,-0.136444375,0.772164285
Costa Rica,2021,6.408448219,9.961722374,0.87605232,70,0.886652231,-0.02657732,0.781826913
Costa Rica,2022,7.076658249,9.997837067,0.901608407,70,0.910026312,-0.047002032,0.750560999
Kazakhstan,2018,6.00763607,10.14817142,0.936656713,64.59999847,0.84018296,-0.101779088,0.82378298
Kazakhstan,2019,6.272268295,10.17929173,0.951050103,65,0.852387428,-0.058803622,0.708279192
Kazakhstan,2020,6.168269157,10.1409874,0.966448963,65.40000153,0.872100115,-0.060331773,0.660798848
Kazakhstan,2021,6.259634018,10.17009354,0.906053364,65.80000305,0.807489097,0.03642213,0.782494009
Kazakhstan,2022,6.006279469,10.18687248,0.923373282,66.19999695,0.882937968,0.02240829,0.720168531
Indonesia,2018,5.340295792,9.341143608,0.809378862,62.67499924,0.879374385,0.508753896,0.867729425
Indonesia,2019,5.346512794,9.380740166,0.80191803,62.79999924,0.865859151,0.551963031,0.860784769
Indonesia,2020,4.828147411,9.351469994,0.750896156,62.92499924,0.85332638,0.53159827,0.913812995
Indonesia,2021,5.43317318,9.380770683,0.816924691,63.04999924,0.884855866,0.54299742,0.845080256
Indonesia,2022,5.584685802,9.425395966,0.834076643,63.17499924,0.903250694,0.518823147,0.861708522
Congo (Brazzaville),2018,5.490214348,8.239173889,0.620622933,55.875,0.69870007,-0.101779334,0.738020182
Congo (Brazzaville),2019,5.212622643,8.214752197,0.624768078,56.20000076,0.686451972,-0.056287225,0.74058944
Congo (Brazzaville),2020,5.079139233,8.127007484,0.596515119,56.52500153,0.760727525,-0.021083379,0.727796018
Congo (Brazzaville),2021,4.920531273,8.081596375,0.567651093,56.84999847,0.737661481,-0.019420257,0.732729912
Congo (Brazzaville),2022,5.804918766,8.077151299,0.646345079,57.17499924,0.69769448,0.027624207,0.759754062
Belgium,2018,6.89217186,10.84180355,0.929815531,70.44999695,0.808386624,-0.128761545,0.630411804
Belgium,2019,6.772138119,10.85856056,0.884230494,70.59999847,0.776203632,-0.176252663,0.672497511
Belgium,2020,6.838760853,10.7991457,0.903558671,70.75,0.766917825,-0.170136407,0.633626759
Belgium,2021,6.881756306,10.8539772,0.914856791,70.90000153,0.82250309,0.079182751,0.523367822
Belgium,2022,6.856874466,10.87826824,0.922732711,71.05000305,0.889889002,0.096943997,0.48338443
Russia,2018,5.513500214,10.19078541,0.908726096,63.82500076,0.7292822,-0.150907248,0.865311563
Russia,2019,5.440523624,10.21297646,0.910098851,64.19999695,0.714766085,-0.119939663,0.847705066
Russia,2020,5.495288849,10.18805695,0.887020171,64.57499695,0.714466453,-0.07624834,0.823047519
Russia,2021,5.448261261,10.23853397,0.861716568,64.94999695,0.670810163,0.055832274,0.807839274
Russia,2022,6.044072628,10.20286655,0.919851005,65.32499695,0.776063859,-0.07043764,0.766522646
Lithuania,2018,6.308878899,10.47578526,0.929350138,66.34999847,0.698945105,-0.240819216,0.851745069
Lithuania,2019,6.064097881,10.52364635,0.917577505,66.69999695,0.780266464,-0.255955368,0.782501221
Lithuania,2020,6.39137888,10.52316093,0.952544093,67.05000305,0.824060559,-0.127253518,0.829204798
Lithuania,2021,6.864572525,10.57912254,0.928175211,67.40000153,0.707402527,-0.119342811,0.877800763
Lithuania,2022,7.037577152,10.60183716,0.937096536,67.75,0.709662259,-0.190841839,0.684991181
Argentina,2018,5.792796612,10.03219891,0.899911582,67.05000305,0.845894694,-0.214172736,0.855255246
Argentina,2019,6.085560799,10.00205326,0.89637053,67.09999847,0.817052603,-0.214476675,0.830459774
Argentina,2020,5.900567055,9.887622833,0.897103846,67.15000153,0.823391616,-0.128546417,0.815780461
Argentina,2021,5.908278942,9.977072716,0.882304549,67.19999695,0.819479346,-0.012197027,0.816256702
Argentina,2022,6.260993481,10.01140499,0.893329561,67.25,0.825188935,-0.127506226,0.810037434
Chile,2018,6.436220646,10.12950611,0.890084922,69.84999847,0.78853035,-0.065820776,0.816297412
Chile,2019,5.942250252,10.11926842,0.869121909,70,0.659176767,-0.108219646,0.860491574
Chile,2020,6.150642872,10.04401875,0.888412297,70.15000153,0.781383574,0.027615355,0.811818838
Chile,2021,6.435630798,10.14443684,0.891460538,70.30000305,0.80341506,-0.049678605,0.858552754
Chile,2022,6.415198803,10.15356255,0.886761963,70.44999695,0.793485582,-0.010977617,0.796396375
Lebanon,2018,5.167186737,9.79651165,0.829380631,65.92500305,0.60703069,-0.07902959,0.906650305
Lebanon,2019,4.024219513,9.751047134,0.865968525,66,0.447001487,-0.09551619,0.890415609
Lebanon,2020,2.633752584,9.531043053,0.546599805,66.07499695,0.551600993,-0.136191308,0.883976877
Lebanon,2021,2.178809404,9.470949173,0.50677526,66.15000153,0.42269668,-0.161281437,0.9052791
Lebanon,2022,2.352427721,9.428472519,0.534528434,66.22499847,0.449575424,-0.125513852,0.882995963
Norway,2018,7.444262028,11.07195663,0.965961933,71.34999847,0.960429013,0.088390358,0.268201441
Norway,2019,7.442139626,11.07263565,0.941784024,71.40000153,0.954044461,0.105307363,0.270571798
Norway,2020,7.290032387,11.05955124,0.955979943,71.44999695,0.964561105,0.069376923,0.271083295
Norway,2021,7.361573696,11.09227848,0.947877407,71.5,0.936379194,0.167681649,0.263276964
Norway,2022,7.294604301,11.1112957,0.92657131,71.55000305,0.939022839,0.184594572,0.314442098
Estonia,2018,6.091302395,10.46252823,0.932693779,68.97499847,0.885618389,-0.144695237,0.620677948
Estonia,2019,6.034641266,10.49552727,0.934064329,69.19999695,0.886504352,-0.098686397,0.575754166
Estonia,2020,6.452563763,10.48802662,0.957770467,69.42500305,0.954200566,-0.088427089,0.397834778
Estonia,2021,6.553915501,10.56405163,0.945865035,69.65000153,0.925818324,0.047387216,0.441425771
Estonia,2022,6.357114315,10.57135296,0.933332503,69.875,0.903950691,0.13574183,0.39030093
Mali,2018,4.415729523,7.689634323,0.691859066,54.20000076,0.737204552,-0.032463923,0.793091416
Mali,2019,4.98799181,7.704833031,0.754558086,54.59999847,0.67040509,-0.0361422,0.846340001
Mali,2020,4.269473553,7.660975456,0.567915261,55,0.645313561,-0.065397367,0.894637346
Mali,2021,4.11309576,7.659465313,0.573393524,55.40000153,0.672789276,-0.000230506,0.90156728
Mali,2022,4.210547924,7.645281792,0.641625226,55.79999924,0.817642868,-0.019203309,0.745646715
United Kingdom,2018,7.233445168,10.75530624,0.928483903,70,0.83750838,0.221139982,0.404276013
United Kingdom,2019,7.157151222,10.76558113,0.942681074,70.09999847,0.85403955,0.265269667,0.485092282
United Kingdom,2020,6.798177242,10.64504623,0.929353237,70.19999695,0.884624004,0.19695583,0.490203947
United Kingdom,2021,6.866961956,10.71394444,0.854029596,70.30000305,0.815077186,0.253572524,0.447526574
United Kingdom,2022,6.721779823,10.75374222,0.8634395,70.40000153,0.857062578,0.309394181,0.426054806
Spain,2018,6.513370991,10.60299587,0.910314679,71.97499847,0.7222507,-0.078989901,0.776504457
Spain,2019,6.457449436,10.61546421,0.949013472,72.09999847,0.777966738,-0.052578475,0.73033762
Spain,2020,6.502175331,10.49038219,0.934934676,72.22499847,0.783256531,-0.124827951,0.729977489
Spain,2021,6.469611168,10.54305172,0.926416755,72.34999847,0.781794965,-0.074128382,0.729346991
Spain,2022,6.336902142,10.58749199,0.933899879,72.47499847,0.781408846,0.00120831,0.673111916
Italy,2018,6.516526699,10.64651775,0.912656128,71.82499695,0.650009274,-0.025133574,0.887824833
Italy,2019,6.445416927,10.6628685,0.83840245,71.90000153,0.709478855,-0.086302891,0.865528047
Italy,2020,6.488356113,10.57298946,0.889824033,71.97499847,0.718155444,-0.154799536,0.844094574
Italy,2021,6.4667449,10.64374352,0.885533631,72.05000305,0.702845216,-0.094107211,0.862317502
Italy,2022,6.258476734,10.68542004,0.869363606,72.125,0.710519016,0.028278332,0.818708301
Colombia,2018,5.983512402,9.576817513,0.870970428,68.82499695,0.850765765,-0.151604235,0.854820907
Colombia,2019,6.350297928,9.589880943,0.872578919,69,0.821500719,-0.174859732,0.853646159
Colombia,2020,5.70917511,9.502091408,0.797035217,69.17500305,0.840186119,-0.088326029,0.807964027
Colombia,2021,5.289958477,9.59209919,0.792830646,69.34999847,0.774668455,-0.062906832,0.831330955
Colombia,2022,5.891712189,9.659547806,0.87694943,69.52500153,0.799183786,-0.161807224,0.862641215
Albania,2018,5.004402637,9.496984482,0.683591664,69.07499695,0.824212313,0.007197479,0.899129391
Albania,2019,4.995317936,9.521909714,0.686364889,69.09999847,0.777351439,-0.10090977,0.914284289
Albania,2020,5.364909649,9.492215157,0.710115016,69.125,0.75367105,0.004123116,0.891358972
Albania,2021,5.25548172,9.58320713,0.70188278,69.15000153,0.827452719,0.041377552,0.896126628
Albania,2022,5.212213039,9.626482964,0.724089622,69.17500305,0.802249789,-0.065987259,0.845501959
Georgia,2018,4.659097195,9.564751625,0.617218554,64.57499695,0.7751441,-0.235978231,0.754853785
Georgia,2019,4.89183569,9.615089417,0.674976051,64.69999695,0.81053412,-0.262911677,0.647223175
Georgia,2020,5.123143196,9.54440403,0.71834594,64.82499695,0.764352381,-0.22259675,0.582734704
Georgia,2021,4.911273479,9.647734642,0.670689464,64.94999695,0.777061343,-0.287350744,0.723406911
Georgia,2022,5.292755127,9.746482849,0.754490972,65.07499695,0.820903182,-0.252852231,0.65517211
Ghana,2018,5.003693104,8.541934013,0.760716796,57.625,0.816680491,0.060721479,0.846328497
Ghana,2019,4.96680975,8.584093094,0.746247828,58,0.787447751,0.114406519,0.85666585
Ghana,2020,5.31948328,8.568556786,0.642703354,58.375,0.823720038,0.198711425,0.847024918
Ghana,2021,4.377950668,8.600658417,0.63272965,58.75,0.730264723,0.108049184,0.887770474
Ghana,2022,4.190854549,8.615270615,0.628161311,59.125,0.786439955,0.117221721,0.908888876
Gabon,2018,4.783009052,9.564825058,0.78482759,57.27500153,0.719135404,-0.197794899,0.82286346
Gabon,2019,4.914393425,9.580385208,0.763051689,57.59999847,0.736349881,-0.203892961,0.84625423
Gabon,2020,4.88654995,9.539880753,0.701217532,57.92499924,0.52837491,-0.191802859,0.788709342
Gabon,2021,5.075422287,9.533417702,0.75387162,58.25,0.699056685,-0.204896048,0.765906811
Gabon,2022,5.139500618,9.539199829,0.775247753,58.57500076,0.69927603,-0.164365619,0.802774906
Bangladesh,2018,4.499217033,8.541788101,0.705556035,64.17500305,0.90147084,-0.055945847,0.701421201
Bangladesh,2019,5.114216805,8.606523514,0.673172176,64.30000305,0.90193665,-0.063901789,0.656004608
Bangladesh,2020,5.279986858,8.628980637,0.739337921,64.42500305,0.777467191,-0.022515791,0.741659164
Bangladesh,2021,4.123318672,8.68457222,0.484740287,64.55000305,0.893013358,0.091825157,0.746206582
Bangladesh,2022,3.407532215,8.743256569,0.403707534,64.67500305,0.86457628,-0.054776076,0.61687237
Brazil,2018,6.190921783,9.590117455,0.881505251,65.22499847,0.75060904,-0.120403156,0.763251305
Brazil,2019,6.451148987,9.594590187,0.899175048,65.40000153,0.830206037,-0.065427221,0.761840582
Brazil,2020,6.109717846,9.548379898,0.830832124,65.57499695,0.786235094,-0.057944715,0.728772223
Brazil,2021,6.009953499,9.588253021,0.814328671,65.75,0.791507721,0.089277193,0.738571405
Brazil,2022,6.257079601,9.610548019,0.865809739,65.92500305,0.82977134,-0.060690548,0.741963506
Zimbabwe,2018,3.616479874,7.783066273,0.775388479,52.625,0.762674868,-0.05121934,0.844208658
Zimbabwe,2019,2.693523169,7.697755337,0.759162307,53.09999847,0.631907582,-0.047463853,0.830651879
Zimbabwe,2020,3.159802198,7.596050262,0.717242658,53.57500076,0.643302977,0.006313191,0.78852278
Zimbabwe,2021,3.154578209,7.656878471,0.685150504,54.04999924,0.667636156,-0.075574532,0.756945193
Zimbabwe,2022,3.296219587,7.670122623,0.666171908,54.52500153,0.651987135,-0.069513284,0.752632082
India,2018,3.818068743,8.769686699,0.638051987,60,0.890443385,0.082797803,0.80526334
India,2019,3.24876976,8.796131134,0.560780764,60.29999924,0.875540316,0.110719964,0.751979411
India,2020,4.223865509,8.718341827,0.616411507,60.59999847,0.906415939,0.071107663,0.780127108
India,2021,3.558253765,8.793618202,0.569732904,60.90000153,0.866110921,0.055863027,0.756820023
India,2022,3.929816246,8.849925041,0.608045101,61.20000076,0.893131018,0.089502126,0.770741999
South Korea,2018,5.840231419,10.64461231,0.79772383,72.82499695,0.600161672,-0.093186624,0.796825886
South Korea,2019,5.902816772,10.66332531,0.783160865,73.09999847,0.706032395,-0.059652969,0.71769613
South Korea,2020,5.792695522,10.65482712,0.807952285,73.375,0.711480439,-0.110537827,0.664694011
South Korea,2021,6.112745285,10.6972084,0.810740769,73.65000153,0.717086375,-0.031413686,0.685114563
South Korea,2022,5.950013638,10.72598648,0.81003511,73.92500305,0.723479927,0.00342142,0.747344434
Guinea,2018,5.25222683,7.812669277,0.630433142,52.84999847,0.731157243,0.091018714,0.778393805
Guinea,2019,4.76768446,7.84194088,0.655124187,53.29999924,0.691399097,0.095537141,0.755585492
Guinea,2020,4.972168446,7.864849091,0.731928527,53.75,0.598107696,0.078447431,0.790462673
Guinea,2021,4.944539547,7.878664494,0.627239227,54.20000076,0.676289976,0.160383582,0.783515692
Guinea,2022,5.317492962,7.899697304,0.582017422,54.65000153,0.729232073,0.139162883,0.770350397
Australia,2018,7.17699337,10.8006525,0.940137267,70.82499695,0.916028142,0.142901212,0.404647499
Australia,2019,7.233994961,10.80728245,0.942774355,70.90000153,0.917536914,0.11690785,0.430208653
Australia,2020,7.137367725,10.79441643,0.936517,70.97499847,0.905282974,0.203258112,0.491094828
Australia,2021,7.111598969,10.81525517,0.91975528,71.05000305,0.912402213,0.236002743,0.453676045
Australia,2022,7.034696102,10.85352898,0.941673338,71.125,0.853776991,0.15346466,0.545216978
Iran,2018,4.278117657,9.59075737,0.673764706,66.15000153,0.603319883,0.075026356,0.703439772
Iran,2019,5.006145954,9.552820206,0.698293149,66.30000305,0.623282075,0.130693048,0.728306532
Iran,2020,4.864528179,9.577228546,0.757218659,66.44999695,0.599594474,0.13269636,0.70990169
Iran,2021,4.78781414,9.616117477,0.771469533,66.59999847,0.609310269,0.17448397,0.761170328
Iran,2022,4.976995468,9.637630463,0.800070286,66.75,0.570203483,0.211653218,0.766079903
Moldova,2018,5.682277203,9.422848701,0.89207989,64.09999847,0.823824346,-0.087572187,0.928719878
Moldova,2019,5.803450584,9.47502327,0.809167087,64.5,0.783664584,-0.09557578,0.883822501
Moldova,2020,5.811628819,9.409337044,0.874061763,64.90000153,0.859083235,-0.057646256,0.941438973
Moldova,2021,5.959048748,9.547471046,0.879554033,65.30000305,0.832602262,-0.095501058,0.875060678
Moldova,2022,5.686611652,9.540007591,0.816732645,65.69999695,0.828515828,-0.087219432,0.884788811
Senegal,2018,4.769377232,8.122329712,0.739354789,59.09999847,0.629223466,-0.076827593,0.80477947
Senegal,2019,5.488736629,8.1404562,0.687614083,59.40000153,0.758841753,-0.02160956,0.79567343
Senegal,2020,4.756773472,8.12678051,0.620670676,59.70000076,0.797190309,-0.048871942,0.855092525
Senegal,2021,4.902830601,8.159204483,0.645179272,60,0.758525133,0.02992768,0.82134825
Senegal,2022,4.90681982,8.180175781,0.609188676,60.29999924,0.758471966,0.051875819,0.854231179
Morocco,2018,4.896791935,8.996167183,0.553759754,63.59999847,0.773180425,-0.243001193,0.843172729
Morocco,2019,5.056751728,9.014033318,0.534804046,63.70000076,0.756747842,-0.253495485,0.756867409
Morocco,2020,4.80261755,8.928771973,0.552520096,63.79999924,0.818995237,-0.235434562,0.802740276
Morocco,2021,5.326248646,8.994469643,0.504563928,63.90000153,0.761806488,-0.201621071,0.817366838
Morocco,2022,4.596093178,8.995898247,0.563577652,64,0.794705212,-0.25410822,0.802137673
Mexico,2018,6.549578667,9.917302132,0.858068883,65.80000305,0.816200495,-0.183739126,0.808638096
Mexico,2019,6.431945324,9.906707764,0.851685822,65.80000305,0.903384447,-0.14559029,0.808537602
Mexico,2020,5.964221001,9.816184998,0.778816223,65.80000305,0.873346984,-0.125294715,0.778165877
Mexico,2021,5.99075079,9.856716156,0.778605103,65.80000305,0.837159336,-0.034609362,0.745186806
Mexico,2022,7.038368702,9.876176834,0.858360887,65.80000305,0.860889137,-0.120741829,0.780077338
United States,2018,6.882684708,11.02444267,0.903856039,66.22499847,0.824606657,0.111657284,0.709928274
United States,2019,6.943701267,11.04257393,0.916691124,66.09999847,0.836139023,0.139838308,0.706715524
United States,2020,7.028088093,11.0048933,0.937369823,65.97499847,0.850447297,0.029316831,0.678124607
United States,2021,6.959087849,11.06146431,0.920008719,65.84999847,0.815734804,0.190033197,0.686591566
United States,2022,6.692790031,11.07859612,0.900261819,65.72499847,0.735639811,0.190581053,0.701127529
Croatia,2018,5.536271095,10.24796391,0.909806848,68.42500305,0.690855622,-0.156301752,0.925408304
Croatia,2019,5.625743866,10.28714275,0.935988724,68.59999847,0.739300609,-0.143352598,0.931614637
Croatia,2020,6.507992268,10.20176506,0.922913492,68.77500153,0.836657643,-0.069338493,0.960939288
Croatia,2021,6.286790371,10.36204529,0.917741537,68.94999695,0.841837883,0.003264118,0.933650374
Croatia,2022,5.578691483,10.4582634,0.90998435,69.125,0.593485951,-0.212666839,0.87508148
Mauritius,2018,5.88174057,10.04427052,0.90884155,63.92499924,0.866928101,-0.079335824,0.78524971
Mauritius,2019,6.241165161,10.07245255,0.913134277,63.90000153,0.893157899,-0.058579594,0.81020081
Mauritius,2020,6.015300274,9.914636612,0.892565966,63.875,0.842598081,-0.036158979,0.771790087
Mauritius,2021,5.949120045,9.950750351,0.886509895,63.84999847,0.802364588,-0.010926317,0.783532083
Mauritius,2022,5.740500927,10.00689125,0.887036204,63.82500076,0.798143804,-0.037532523,0.768953621
Slovenia,2018,6.249419212,10.54522896,0.940971196,70.52500153,0.942045867,-0.122956395,0.839252532
Slovenia,2019,6.665273666,10.5721941,0.949402273,70.69999695,0.945430517,-0.106444225,0.785441816
Slovenia,2020,6.462076187,10.5213213,0.953437507,70.875,0.958442569,-0.088533178,0.796557486
Slovenia,2021,6.761220932,10.59754658,0.955252588,71.05000305,0.851086736,0.027393518,0.754198194
Slovenia,2022,6.723397732,10.64416504,0.941756725,71.22499847,0.930381835,0.101480678,0.762208223
Uzbekistan,2018,6.205460072,8.865442276,0.920821011,64.40000153,0.969897985,0.311532587,0.520360112
Uzbekistan,2019,6.154049397,8.90220356,0.915275931,64.69999695,0.970294535,0.298114806,0.511196852
Uzbekistan,2020,5.841929913,8.901668549,0.849564791,65,0.928216279,0.193077326,0.642043591
Uzbekistan,2021,6.18530798,8.953489304,0.895503759,65.30000305,0.927415252,0.186012119,0.661561668
Uzbekistan,2022,6.016238689,8.989866257,0.878923297,65.59999847,0.959019244,0.308950752,0.615844429
Greece,2018,5.40928936,10.27990723,0.793500781,70.77500153,0.564455688,-0.33752656,0.860302389
Greece,2019,5.952157497,10.29962921,0.890809536,70.90000153,0.613584101,-0.291155934,0.848003805
Greece,2020,5.787615776,10.2074194,0.778536558,71.02500153,0.56461364,-0.244104847,0.764324546
Greece,2021,6.104214191,10.2937727,0.85032618,71.15000153,0.574029803,-0.158694386,0.751816869
Greece,2022,5.90045929,10.36369228,0.875312984,71.27500153,0.562556148,-0.316424966,0.874286056
Uruguay,2018,6.371714592,10.05124474,0.917315602,67.5,0.876210928,-0.105916657,0.682916045
Uruguay,2019,6.600337029,10.05434418,0.933470964,67.5,0.902678788,-0.104386106,0.599399626
Uruguay,2020,6.309681416,9.990978241,0.921070337,67.5,0.907761931,-0.091452166,0.491007835
Uruguay,2021,6.501700401,10.0345459,0.913873136,67.5,0.8987239,-0.050625291,0.60564214
Uruguay,2022,6.670852661,10.08412075,0.904825211,67.5,0.877968609,-0.051668242,0.631336689
Tunisia,2018,4.741132259,9.309548378,0.732953548,66.84999847,0.649680078,-0.195936218,0.84011662
Tunisia,2019,4.315479755,9.314774513,0.609589279,66.90000153,0.659331739,-0.214174494,0.88890475
Tunisia,2020,4.730811119,9.215332031,0.719013214,66.94999695,0.667758107,-0.203692898,0.877354085
Tunisia,2021,4.49948597,9.249362946,0.711321533,67,0.591229916,-0.203170478,0.932745636
Tunisia,2022,4.260868073,9.265902519,0.754739821,67.05000305,0.474189252,-0.230852157,0.908436537
Hungary,2018,5.935770988,10.34568596,0.940591395,67.05000305,0.692627072,-0.246664539,0.911277413
Hungary,2019,6.000259876,10.39357376,0.94651556,67.19999695,0.798041046,-0.198927522,0.883571446
Hungary,2020,6.038049698,10.34918594,0.943400383,67.34999847,0.77096808,-0.125335947,0.836105108
Hungary,2021,6.226647854,10.42207718,0.947892129,67.5,0.727489948,-0.044104263,0.831555367
Hungary,2022,5.861183167,10.48420715,0.937058866,67.65000153,0.775502026,-0.008475153,0.848249376
North Macedonia,2018,5.239834785,9.689579964,0.84891516,65.90000153,0.744800925,-0.045637872,0.909934342
North Macedonia,2019,5.015485287,9.727708817,0.814638495,66.09999847,0.724710405,0.019857395,0.922597229
North Macedonia,2020,5.053664207,9.666660309,0.750374198,66.30000305,0.787284732,0.129589304,0.877421141
North Macedonia,2021,5.534749985,9.709133148,0.808856964,66.5,0.79296577,0.19125995,0.884325325
North Macedonia,2022,5.166881561,9.73342514,0.849509358,66.69999695,0.72308898,0.071886517,0.93721509
Kenya,2018,4.655702591,8.403982162,0.706719875,57.29999924,0.821412981,0.284663737,0.844244063
Kenya,2019,4.618850231,8.434075356,0.675931633,57.70000076,0.817757487,0.303417891,0.794370294
Kenya,2020,4.546584129,8.411473274,0.673717618,58.09999847,0.702034473,0.25438267,0.836516023
Kenya,2021,4.464540958,8.464528084,0.702200711,58.5,0.678108215,0.31601575,0.841331422
Kenya,2022,4.447946548,8.499298096,0.690594971,58.90000153,0.705976129,0.294315904,0.877775729
Finland,2018,7.85810709,10.77996635,0.962155044,70.92500305,0.937807381,-0.131461874,0.198604837
Finland,2019,7.780347824,10.79103756,0.93741554,71,0.947616696,-0.055772819,0.195338428
Finland,2020,7.889349937,10.76730347,0.961620748,71.07499695,0.962423682,-0.121018246,0.163635895
Finland,2021,7.794377804,10.79452896,0.97028929,71.15000153,0.96318984,-0.037466645,0.191753656
Finland,2022,7.728998184,10.81419277,0.974395156,71.22499847,0.958609104,0.102147363,0.190206692
Mongolia,2018,5.464622974,9.39700985,0.941514134,60.20000076,0.695546806,0.050002832,0.848502219
Mongolia,2019,5.562905312,9.430119514,0.945758104,60.29999924,0.71067518,0.144906044,0.873166919
Mongolia,2020,6.011364937,9.364500999,0.917789161,60.40000153,0.718491018,0.140477866,0.842827678
Mongolia,2021,5.72103405,9.364642143,0.92711699,60.5,0.666846633,0.217151552,0.850720286
Mongolia,2022,5.787830353,9.388139725,0.951336026,60.59999847,0.717059672,0.213851795,0.846957803
Portugal,2018,5.919822693,10.43531322,0.887113273,70.875,0.877404213,-0.265426725,0.87972784
Portugal,2019,6.095473289,10.46154976,0.876082599,71,0.8823511,-0.238181174,0.915165603
Portugal,2020,5.767792225,10.3738451,0.874990344,71.125,0.91313076,-0.242256343,0.867157161
Portugal,2021,6.183014393,10.42449665,0.894941688,71.25,0.892121136,-0.20941405,0.872229338
Portugal,2022,5.952542782,10.48707771,0.862344146,71.375,0.903218091,-0.137060419,0.892955482
Cameroon,2018,5.250737667,8.224833488,0.676825225,53.82500076,0.816304982,0.030961027,0.884441614
Cameroon,2019,4.936737537,8.231245041,0.710964739,54.5,0.711500287,-0.011995641,0.817170262
Cameroon,2020,5.2410779,8.206723213,0.720046639,55.17499924,0.674509168,0.044859,0.836517215
Cameroon,2021,4.962747574,8.216213226,0.694936395,55.84999847,0.715301752,-0.026043305,0.848717153
Cameroon,2022,4.712408066,8.227441788,0.629108608,56.52500153,0.674506366,0.025319204,0.849325359
Canada,2018,7.175496578,10.79881001,0.922718763,71.25,0.9457829,0.101732664,0.371740848
Canada,2019,7.1090765,10.80307007,0.925303996,71.30000305,0.911525607,0.107073732,0.436434418
Canada,2020,7.024904728,10.73779297,0.930610716,71.34999847,0.8868922,0.044787828,0.434012353
Canada,2021,6.939435482,10.77672386,0.926076412,71.40000153,0.898229182,0.191067189,0.383990496
Canada,2022,6.917935371,10.80336666,0.929101527,71.44999695,0.838263929,0.221541926,0.44200018
Israel,2018,6.92717886,10.59505272,0.90959543,72.25,0.724662304,0.050429799,0.770134807
Israel,2019,7.331779957,10.61668396,0.946010649,72.40000153,0.834491909,0.08013881,0.742867768
Israel,2020,7.194928169,10.58029938,0.959072173,72.55000305,0.831315815,-0.056511819,0.74763906
Israel,2021,7.577528,10.64688206,0.91658324,72.69999695,0.819777012,-0.005923409,0.726003766
Israel,2022,7.662397385,10.69227314,0.95365274,72.84999847,0.774947405,-0.004873357,0.654698849
Austria,2018,7.396001816,10.91903114,0.911668122,70.77500153,0.904111981,0.049663041,0.52306056
Austria,2019,7.195361137,10.92964458,0.964488804,70.90000153,0.90342766,0.055960763,0.457088888
Austria,2020,7.213489056,10.85877609,0.924831212,71.02500153,0.911909878,0.006124678,0.463830173
Austria,2021,7.079640865,10.89898014,0.862975955,71.15000153,0.794845939,0.159445032,0.500808597
Austria,2022,6.998997211,10.93891716,0.876287401,71.27500153,0.855502605,0.139042094,0.524212122
Dominican Republic,2018,5.433215618,9.769048691,0.861986339,63.79999924,0.866641581,-0.152807519,0.76227355
Dominican Republic,2019,6.004237175,9.807585716,0.884089887,64,0.87740624,-0.12519978,0.745615363
Dominican Republic,2020,5.168409824,9.72725296,0.806117654,64.19999695,0.834642947,-0.125870407,0.636116564
Dominican Republic,2021,6.030537128,9.832318306,0.857106984,64.40000153,0.859358311,-0.086154111,0.677408218
Dominican Republic,2022,5.518415928,9.873703003,0.820422471,64.59999847,0.853301883,-0.083819024,0.655976236
Japan,2018,5.793575287,10.6391964,0.886431932,73.97499847,0.77347213,-0.266586483,0.686784506
Japan,2019,5.908039093,10.63819408,0.877650917,74.09999847,0.806471527,-0.259253263,0.617187858
Japan,2020,6.117963314,10.59502029,0.887249112,74.22499847,0.806036115,-0.263986945,0.608698547
Japan,2021,6.091324806,10.61605453,0.895737708,74.34999847,0.801350355,-0.211056769,0.669546723
Japan,2022,6.178009987,10.6361618,0.898649931,74.47499847,0.788856983,-0.235489145,0.643009663
Peru,2018,5.679661274,9.44906044,0.84530139,69.32499695,0.829641998,-0.181171566,0.906244636
Peru,2019,5.999381542,9.452122688,0.809075952,69.5,0.814805925,-0.132277295,0.873601913
Peru,2020,4.994379044,9.321605682,0.748887837,69.67500305,0.805973649,-0.091480441,0.911601484
Peru,2021,5.694317818,9.43465519,0.818539441,69.84999847,0.811777532,-0.08730986,0.879913747
Peru,2022,5.892068863,9.448805809,0.822743475,70.02500153,0.764267087,-0.177565202,0.88399142
Thailand,2018,6.011561871,9.779569626,0.873052418,68.22499847,0.90482825,0.257063568,0.906596005
Thailand,2019,6.02215147,9.798331261,0.903051019,68.30000305,0.898244619,0.307165354,0.87703979
Thailand,2020,5.884544373,9.732022285,0.866702616,68.375,0.840463281,0.272304952,0.918340027
Thailand,2021,5.638096809,9.745490074,0.882821918,68.44999695,0.835590303,0.292775661,0.943129361
Thailand,2022,6.007117271,9.777226448,0.866995156,68.52500153,0.880613744,0.301083535,0.867953539
Romania,2018,6.150878906,10.26608753,0.81793046,66.67500305,0.84515959,-0.221662477,0.921170175
Romania,2019,6.129942417,10.30916405,0.841905951,66.80000305,0.84754318,-0.225549594,0.954130709
Romania,2020,6.785142422,10.27720261,0.869008839,66.92500305,0.863305271,-0.158914402,0.91769141
Romania,2021,6.548725605,10.33452034,0.834509134,67.05000305,0.870957971,-0.184267014,0.928280115
Romania,2022,6.436973572,10.40412903,0.83033675,67.17500305,0.836366534,-0.171969727,0.941487908
El Salvador,2018,6.241199493,9.083892822,0.820299745,64.55000305,0.863334596,-0.099741079,0.800699532
El Salvador,2019,6.454820633,9.107357979,0.764390528,64.90000153,0.877390683,-0.113695122,0.68157649
El Salvador,2020,5.461926937,9.020057678,0.695624352,65.25,0.923944831,-0.129365936,0.583036363
El Salvador,2021,6.431447029,9.114495277,0.796106219,65.59999847,0.914903879,-0.081289321,0.663288593
El Salvador,2022,6.492156029,9.134880066,0.772380829,65.94999695,0.914063275,-0.112227663,0.621097445
Benin,2018,5.81982708,8.019667625,0.503544033,55.20000076,0.713264048,0.002967168,0.746510744
Benin,2019,4.976360798,8.057199478,0.442153931,55.5,0.770359993,-0.015219427,0.698346972
Benin,2020,4.407745838,8.066671371,0.506636083,55.79999924,0.783114672,-0.082944684,0.531883657
Benin,2021,4.493431091,8.108187675,0.435524195,56.09999847,0.724061847,-0.013133102,0.6125471
Benin,2022,4.217325687,8.136793137,0.365682811,56.40000153,0.714036763,-0.029674673,0.579618931
Latvia,2018,5.901154041,10.31066418,0.913276315,66.09999847,0.608207643,-0.21648632,0.798949242
Latvia,2019,5.969753742,10.34298897,0.935501277,66.19999695,0.697935104,-0.198384285,0.789227486
Latvia,2020,6.229008675,10.32772541,0.928012192,66.30000305,0.820111692,-0.083579808,0.808821976
Latvia,2021,6.353090763,10.37603378,0.954086423,66.40000153,0.815278113,-0.101973705,0.839525342
Latvia,2022,6.054838181,10.4066782,0.928089976,66.5,0.817082405,0.018949265,0.844229579
New Zealand,2018,7.370285988,10.66574287,0.953862727,70.125,0.94930017,0.115251094,0.206580222
New Zealand,2019,7.205174446,10.67151928,0.938821197,70.19999695,0.912042379,0.152174622,0.233831227
New Zealand,2020,7.257381916,10.63686562,0.951990783,70.27500153,0.918154597,0.118488289,0.282767951
New Zealand,2021,7.13670063,10.66698742,0.949832201,70.34999847,0.910249829,0.219179839,0.252423555
New Zealand,2022,6.974986553,10.68169308,0.955588818,70.42500305,0.830677867,0.1867235,0.280524433
Ivory Coast,2018,5.26837492,8.507064819,0.620882571,54.22499847,0.712590039,-0.051243655,0.790966868
Ivory Coast,2019,5.392012119,8.542204857,0.67938602,54.79999924,0.735711992,-0.018124701,0.799271226
Ivory Coast,2020,5.256503582,8.5367136,0.61310631,55.375,0.769998014,0.015181107,0.776687264
Ivory Coast,2021,5.055806637,8.580173492,0.554224849,55.95000076,0.717105269,-0.001522999,0.715896964
Ivory Coast,2022,4.84867382,8.611810684,0.536297083,56.52500153,0.713349819,-0.005134096,0.742839873
Denmark,2018,7.648785591,10.93629456,0.958218873,70.875,0.935437799,0.013477051,0.150607437
Denmark,2019,7.693003178,10.94753742,0.957706392,71,0.963318408,0.016351758,0.174150586
Denmark,2020,7.514631271,10.92447376,0.947371364,71.125,0.937931836,0.046843562,0.213841751
Denmark,2021,7.698747158,10.96755409,0.944926739,71.25,0.933439255,0.131484345,0.172680944
Denmark,2022,7.54496479,10.99429893,0.970306337,71.375,0.929547489,0.224115312,0.203140497
Kyrgyzstan,2018,5.297383308,8.543475151,0.898147821,65.27500153,0.94494766,0.26450184,0.907405317
Kyrgyzstan,2019,5.685220718,8.567575455,0.877027869,65.80000305,0.920436263,-0.004854264,0.884539902
Kyrgyzstan,2020,6.249586105,8.460876465,0.902222991,66.32499695,0.934885323,0.103569753,0.931317508
Kyrgyzstan,2021,5.563699722,8.479482651,0.904273272,66.84999847,0.91787082,0.203469187,0.90251559
Kyrgyzstan,2022,5.667840958,8.51677227,0.92697078,67.375,0.948361576,0.235982418,0.876154184
Bolivia,2018,5.915734291,9.043848038,0.827159464,63.15000153,0.863246858,-0.094124205,0.786044598
Bolivia,2019,5.67427063,9.051198006,0.7843014,63.29999924,0.88131094,-0.086886063,0.857220411
Bolivia,2020,5.559258938,8.94636631,0.804810882,63.45000076,0.877031922,-0.052821815,0.868208289
Bolivia,2021,5.56862402,8.99369812,0.797810495,63.59999847,0.861731231,-0.055375014,0.812174439
Bolivia,2022,5.928882122,9.014473915,0.823510289,63.75,0.86501044,-0.080244467,0.84024471
Germany,2018,7.118364334,10.88615417,0.919763148,70.69999695,0.8768875,0.029869491,0.495673954
Germany,2019,7.035472393,10.89440918,0.885667324,70.90000153,0.884751558,0.052630946,0.46225515
Germany,2020,7.311897755,10.85592365,0.905080497,71.09999847,0.864356041,-0.066006646,0.424088776
Germany,2021,6.754523754,10.88143158,0.86758256,71.30000305,0.778439999,0.075374454,0.417581916
Germany,2022,6.608206749,10.89852619,0.915808022,71.5,0.895221889,0.080924116,0.41657716
Netherlands,2018,7.463097095,10.93419456,0.939443171,71.32499695,0.919985175,0.157564297,0.370557785
Netherlands,2019,7.42526865,10.94701099,0.941477478,71.40000153,0.88559252,0.208546594,0.360068113
Netherlands,2020,7.504447937,10.90181923,0.943956137,71.47499847,0.934522629,0.146807,0.280604511
Netherlands,2021,7.314151287,10.94407082,0.918759406,71.55000305,0.85629344,0.267292023,0.396572888
Netherlands,2022,7.38963604,10.980937,0.928908408,71.625,0.868093491,0.224343896,0.459351808
Ecuador,2018,6.128010273,9.359485626,0.851345003,68.25,0.869363725,-0.102550164,0.830743194
Ecuador,2019,5.809131145,9.340510368,0.808485806,68.5,0.829573691,-0.118002363,0.839495003
Ecuador,2020,5.35446167,9.245415688,0.804008543,68.75,0.828511536,-0.160196289,0.854780495
Ecuador,2021,5.43487215,9.275074959,0.785531878,69,0.821025372,-0.083002262,0.774508297
Ecuador,2022,5.887132168,9.290071487,0.825139701,69.25,0.758587241,-0.079987943,0.865789473
Nicaragua,2018,5.81895256,8.637042999,0.854276538,65.42500305,0.797056854,0.007334274,0.712824762
Nicaragua,2019,6.112545013,8.584662437,0.873863935,65.5,0.882678449,0.027582021,0.62198174
Nicaragua,2020,6.28689003,8.552893639,0.855702758,65.57499695,0.817625225,0.040343624,0.631003439
Nicaragua,2021,6.095348835,8.637417793,0.848263025,65.65000153,0.904980481,0.023330038,0.674668729
Nicaragua,2022,6.39225769,8.664050102,0.844041824,65.72499847,0.913993657,-0.001197587,0.570191979
Nepal,2018,4.910086632,8.221292496,0.768335521,61.02500153,0.770093679,0.110457495,0.741752803
Nepal,2019,5.448724747,8.274377823,0.772273064,61.29999924,0.790347695,0.154957801,0.711842477
Nepal,2020,5.982410431,8.232653618,0.787215233,61.57500076,0.771715939,0.137670934,0.811892331
Nepal,2021,4.622300148,8.25112915,0.698646426,61.84999847,0.817544639,0.147184625,0.769947886
Nepal,2022,5.47417593,8.28515625,0.753276348,62.125,0.844221771,0.153193608,0.760407746
